--------------------------------------------------------
--  파일이 생성됨 - 목요일-2월-17-2022   
--------------------------------------------------------
--------------------------------------------------------
--  DDL for Table ADDRESS
--------------------------------------------------------

  CREATE TABLE "ADDRESS" 
   (	"MEMBER_ID" VARCHAR2(20 BYTE) COLLATE "USING_NLS_COMP", 
	"POSTCODE" VARCHAR2(10 BYTE) COLLATE "USING_NLS_COMP", 
	"ROAD_ADDRESS" VARCHAR2(100 BYTE) COLLATE "USING_NLS_COMP", 
	"EXTRA_ADDRESS" VARCHAR2(100 BYTE) COLLATE "USING_NLS_COMP", 
	"DEPTH1" VARCHAR2(20 BYTE) COLLATE "USING_NLS_COMP", 
	"DEPTH2" VARCHAR2(30 BYTE) COLLATE "USING_NLS_COMP", 
	"DEPTH3" VARCHAR2(50 BYTE) COLLATE "USING_NLS_COMP", 
	"BUNJI1" VARCHAR2(10 BYTE) COLLATE "USING_NLS_COMP", 
	"BUNJI2" VARCHAR2(10 BYTE) COLLATE "USING_NLS_COMP", 
	"DETAIL_ADDRESS" VARCHAR2(100 BYTE) COLLATE "USING_NLS_COMP", 
	"LATITUDE" FLOAT(126), 
	"LONGITUDE" FLOAT(126)
   )  DEFAULT COLLATION "USING_NLS_COMP" ;

   COMMENT ON COLUMN "ADDRESS"."POSTCODE" IS '우편번호';
   COMMENT ON COLUMN "ADDRESS"."ROAD_ADDRESS" IS '도로명 주소';
   COMMENT ON COLUMN "ADDRESS"."EXTRA_ADDRESS" IS '도로명 주소에 붙는 건물명';
   COMMENT ON COLUMN "ADDRESS"."DEPTH1" IS '도/광역시';
   COMMENT ON COLUMN "ADDRESS"."DEPTH2" IS '시/군 + 구';
   COMMENT ON COLUMN "ADDRESS"."DEPTH3" IS '동/읍/면 + 리';
   COMMENT ON COLUMN "ADDRESS"."BUNJI1" IS '번지1';
   COMMENT ON COLUMN "ADDRESS"."BUNJI2" IS '번지2';
   COMMENT ON COLUMN "ADDRESS"."DETAIL_ADDRESS" IS '사용자가 입력한 상세 주소';
   COMMENT ON COLUMN "ADDRESS"."LATITUDE" IS '위도';
   COMMENT ON COLUMN "ADDRESS"."LONGITUDE" IS '경도';
--------------------------------------------------------
--  DDL for Table ADMIN_INQUIRE
--------------------------------------------------------

  CREATE TABLE "ADMIN_INQUIRE" 
   (	"NO" NUMBER, 
	"INQUIRE_NO" NUMBER, 
	"ADMIN_ID" VARCHAR2(20 BYTE) COLLATE "USING_NLS_COMP", 
	"ADMIN_NAME" VARCHAR2(30 BYTE) COLLATE "USING_NLS_COMP", 
	"CONTENT" VARCHAR2(4000 BYTE) COLLATE "USING_NLS_COMP", 
	"REG_DATE" DATE DEFAULT sysdate, 
	"CONDITION" NUMBER DEFAULT 1
   )  DEFAULT COLLATION "USING_NLS_COMP" ;
--------------------------------------------------------
--  DDL for Table AUTHORITY
--------------------------------------------------------

  CREATE TABLE "AUTHORITY" 
   (	"AUTHORITY" VARCHAR2(20 BYTE) COLLATE "USING_NLS_COMP" DEFAULT 'ROLE_USER', 
	"MEMBER_ID" VARCHAR2(20 BYTE) COLLATE "USING_NLS_COMP"
   )  DEFAULT COLLATION "USING_NLS_COMP" ;
--------------------------------------------------------
--  DDL for Table BOARD_ID
--------------------------------------------------------

  CREATE TABLE "BOARD_ID" 
   (	"BOARD_ID" VARCHAR2(20 BYTE) COLLATE "USING_NLS_COMP", 
	"BOARD_NAME" VARCHAR2(20 BYTE) COLLATE "USING_NLS_COMP"
   )  DEFAULT COLLATION "USING_NLS_COMP" ;
--------------------------------------------------------
--  DDL for Table BOOK_COLLECTION
--------------------------------------------------------

  CREATE TABLE "BOOK_COLLECTION" 
   (	"NO" NUMBER, 
	"COLLECTION_NAME" VARCHAR2(50 BYTE) COLLATE "USING_NLS_COMP", 
	"MEMBER_ID" VARCHAR2(20 BYTE) COLLATE "USING_NLS_COMP"
   )  DEFAULT COLLATION "USING_NLS_COMP" ;
--------------------------------------------------------
--  DDL for Table BOOK_COLLECTION_LIST
--------------------------------------------------------

  CREATE TABLE "BOOK_COLLECTION_LIST" 
   (	"NO" NUMBER, 
	"BOOK_COLLECTION_NO" NUMBER, 
	"ISBN13" VARCHAR2(13 BYTE) COLLATE "USING_NLS_COMP", 
	"REGDATE" DATE DEFAULT current_date
   )  DEFAULT COLLATION "USING_NLS_COMP" ;
--------------------------------------------------------
--  DDL for Table BOOK_INFO
--------------------------------------------------------

  CREATE TABLE "BOOK_INFO" 
   (	"ISBN13" VARCHAR2(13 BYTE) COLLATE "USING_NLS_COMP", 
	"TITLE" VARCHAR2(500 BYTE) COLLATE "USING_NLS_COMP", 
	"AUTHOR" VARCHAR2(500 BYTE) COLLATE "USING_NLS_COMP", 
	"PUBLISHER" VARCHAR2(500 BYTE) COLLATE "USING_NLS_COMP", 
	"PUBDATE" DATE, 
	"ITEM_PAGE" NUMBER, 
	"CATEGORY_NAME" VARCHAR2(500 BYTE) COLLATE "USING_NLS_COMP", 
	"COVER" VARCHAR2(500 BYTE) COLLATE "USING_NLS_COMP", 
	"DESCRIPTION" VARCHAR2(2000 BYTE) COLLATE "USING_NLS_COMP"
   )  DEFAULT COLLATION "USING_NLS_COMP" ;
--------------------------------------------------------
--  DDL for Table BOOK_REVIEW
--------------------------------------------------------

  CREATE TABLE "BOOK_REVIEW" 
   (	"REVIEW_NO" NUMBER, 
	"ISBN13" VARCHAR2(13 BYTE) COLLATE "USING_NLS_COMP", 
	"CONTENT" VARCHAR2(400 BYTE) COLLATE "USING_NLS_COMP", 
	"RATING" NUMBER, 
	"WRITER" VARCHAR2(20 BYTE) COLLATE "USING_NLS_COMP", 
	"REG_DATE" DATE DEFAULT current_date, 
	"DELETE_YN" VARCHAR2(1 BYTE) COLLATE "USING_NLS_COMP" DEFAULT 'N'
   )  DEFAULT COLLATION "USING_NLS_COMP" ;
--------------------------------------------------------
--  DDL for Table BOOKING
--------------------------------------------------------

  CREATE TABLE "BOOKING" 
   (	"BOARD_NO" NUMBER, 
	"CONTENT" VARCHAR2(2000 BYTE) COLLATE "USING_NLS_COMP", 
	"BOOK_STATUS" VARCHAR2(20 BYTE) COLLATE "USING_NLS_COMP", 
	"PRICE" NUMBER, 
	"DEPOSIT" NUMBER, 
	"WRITER" VARCHAR2(20 BYTE) COLLATE "USING_NLS_COMP", 
	"DELETE_YN" VARCHAR2(1 BYTE) COLLATE "USING_NLS_COMP" DEFAULT 'N', 
	"ISBN13" VARCHAR2(13 BYTE) COLLATE "USING_NLS_COMP", 
	"REG_DATE" DATE DEFAULT current_date
   )  DEFAULT COLLATION "USING_NLS_COMP" ;
--------------------------------------------------------
--  DDL for Table BOOKING_RESERVATION
--------------------------------------------------------

  CREATE TABLE "BOOKING_RESERVATION" 
   (	"RES_NO" NUMBER, 
	"BOARD_NO" NUMBER, 
	"START_DATE" DATE, 
	"END_DATE" DATE, 
	"BORROWER_ID" VARCHAR2(50 BYTE) COLLATE "USING_NLS_COMP", 
	"REG_DATE" DATE DEFAULT current_date, 
	"STATUS" VARCHAR2(20 BYTE) COLLATE "USING_NLS_COMP", 
	"STATUS_DATE" DATE DEFAULT null
   )  DEFAULT COLLATION "USING_NLS_COMP" ;
--------------------------------------------------------
--  DDL for Table CHARGE_HISTORY
--------------------------------------------------------

  CREATE TABLE "CHARGE_HISTORY" 
   (	"IMP_UID" VARCHAR2(16 BYTE) COLLATE "USING_NLS_COMP", 
	"MERCHANT_UID" VARCHAR2(20 BYTE) COLLATE "USING_NLS_COMP", 
	"PG_TID" VARCHAR2(20 BYTE) COLLATE "USING_NLS_COMP", 
	"CHARGE_CASH" NUMBER, 
	"BONUS_CASH" NUMBER, 
	"CHARGE_DATE" DATE, 
	"MEMBER_ID" VARCHAR2(20 BYTE) COLLATE "USING_NLS_COMP"
   )  DEFAULT COLLATION "USING_NLS_COMP" ;
--------------------------------------------------------
--  DDL for Table CHAT_HISTORY
--------------------------------------------------------

  CREATE TABLE "CHAT_HISTORY" 
   (	"CHAT_ROOM_ID" VARCHAR2(200 BYTE) COLLATE "USING_NLS_COMP", 
	"SENDER_ID" VARCHAR2(20 BYTE) COLLATE "USING_NLS_COMP", 
	"MESSAGE" VARCHAR2(300 BYTE) COLLATE "USING_NLS_COMP", 
	"SEND_DATE" DATE DEFAULT current_date, 
	"READ_CHECK" NUMBER DEFAULT '1'
   )  DEFAULT COLLATION "USING_NLS_COMP" ;
--------------------------------------------------------
--  DDL for Table CHAT_ROOM
--------------------------------------------------------

  CREATE TABLE "CHAT_ROOM" 
   (	"CHAT_ROOM_ID" VARCHAR2(200 BYTE) COLLATE "USING_NLS_COMP", 
	"CHAT_MEMBER_ID" VARCHAR2(50 BYTE) COLLATE "USING_NLS_COMP"
   )  DEFAULT COLLATION "USING_NLS_COMP" ;
--------------------------------------------------------
--  DDL for Table COMMUNITY
--------------------------------------------------------

  CREATE TABLE "COMMUNITY" 
   (	"COMMUNITY_NO" NUMBER, 
	"TITLE" VARCHAR2(100 BYTE) COLLATE "USING_NLS_COMP", 
	"CONTENT" VARCHAR2(4000 BYTE) COLLATE "USING_NLS_COMP", 
	"REG_DATE" DATE DEFAULT current_date, 
	"READ_COUNT" NUMBER DEFAULT 0, 
	"CATEGORY" VARCHAR2(20 BYTE) COLLATE "USING_NLS_COMP", 
	"LIKE_COUNT" NUMBER DEFAULT 0, 
	"REPORT_YN" VARCHAR2(1 BYTE) COLLATE "USING_NLS_COMP" DEFAULT 'N', 
	"DELETE_YN" VARCHAR2(1 BYTE) COLLATE "USING_NLS_COMP" DEFAULT 'N', 
	"MEMBER_ID" VARCHAR2(20 BYTE) COLLATE "USING_NLS_COMP"
   )  DEFAULT COLLATION "USING_NLS_COMP" ;
--------------------------------------------------------
--  DDL for Table COMMUNITY_ATTACHMENT
--------------------------------------------------------

  CREATE TABLE "COMMUNITY_ATTACHMENT" 
   (	"NO" NUMBER, 
	"ORIGINAL_FILENAME" VARCHAR2(255 BYTE) COLLATE "USING_NLS_COMP", 
	"RENAMED_FILENAME" VARCHAR2(255 BYTE) COLLATE "USING_NLS_COMP", 
	"REG_DATE" DATE DEFAULT current_date, 
	"COMMUNITY_NO" NUMBER
   )  DEFAULT COLLATION "USING_NLS_COMP" ;
--------------------------------------------------------
--  DDL for Table COMMUNITY_COMMENT
--------------------------------------------------------

  CREATE TABLE "COMMUNITY_COMMENT" 
   (	"NO" NUMBER, 
	"CONTENT" VARCHAR2(200 BYTE) COLLATE "USING_NLS_COMP", 
	"COMMENT_REF" NUMBER, 
	"REG_DATE" DATE DEFAULT current_date, 
	"COMMUNITY_NO" NUMBER, 
	"WRITER" VARCHAR2(20 BYTE) COLLATE "USING_NLS_COMP", 
	"DELETE_YN" VARCHAR2(1 BYTE) COLLATE "USING_NLS_COMP" DEFAULT 'N', 
	"COMMENT_LEVEL" NUMBER DEFAULT 1, 
	"IS_PARENT" CHAR(1 BYTE) COLLATE "USING_NLS_COMP" DEFAULT 'N'
   )  DEFAULT COLLATION "USING_NLS_COMP" ;
--------------------------------------------------------
--  DDL for Table COMMUNITY_LIKE
--------------------------------------------------------

  CREATE TABLE "COMMUNITY_LIKE" 
   (	"MEMBER_ID" VARCHAR2(20 BYTE) COLLATE "USING_NLS_COMP", 
	"COMMUNITY_NO" NUMBER, 
	"LIKE_NO" NUMBER
   )  DEFAULT COLLATION "USING_NLS_COMP" ;
--------------------------------------------------------
--  DDL for Table INQUIRE
--------------------------------------------------------

  CREATE TABLE "INQUIRE" 
   (	"NO" NUMBER, 
	"TITLE" VARCHAR2(100 BYTE) COLLATE "USING_NLS_COMP", 
	"CATEGORY" VARCHAR2(20 BYTE) COLLATE "USING_NLS_COMP", 
	"CONTENT" VARCHAR2(4000 BYTE) COLLATE "USING_NLS_COMP", 
	"REG_DATE" DATE DEFAULT current_date, 
	"MEMBER_ID" VARCHAR2(20 BYTE) COLLATE "USING_NLS_COMP"
   )  DEFAULT COLLATION "USING_NLS_COMP" ;
--------------------------------------------------------
--  DDL for Table MEMBER
--------------------------------------------------------

  CREATE TABLE "MEMBER" 
   (	"ID" VARCHAR2(50 BYTE) COLLATE "USING_NLS_COMP", 
	"PASSWORD" VARCHAR2(300 BYTE) COLLATE "USING_NLS_COMP", 
	"EMAIL" VARCHAR2(30 BYTE) COLLATE "USING_NLS_COMP", 
	"NICKNAME" VARCHAR2(20 BYTE) COLLATE "USING_NLS_COMP", 
	"NAME" VARCHAR2(20 BYTE) COLLATE "USING_NLS_COMP", 
	"PHONE" VARCHAR2(11 BYTE) COLLATE "USING_NLS_COMP", 
	"ENABLED" NUMBER DEFAULT 1, 
	"ENROLL_DATE" DATE DEFAULT current_date, 
	"REPORT_YN" VARCHAR2(1 BYTE) COLLATE "USING_NLS_COMP" DEFAULT 'N', 
	"CASH" NUMBER DEFAULT 0, 
	"PROFILE_IMAGE" VARCHAR2(255 BYTE) COLLATE "USING_NLS_COMP"
   )  DEFAULT COLLATION "USING_NLS_COMP" ;
--------------------------------------------------------
--  DDL for Table MENU
--------------------------------------------------------

  CREATE TABLE "MENU" 
   (	"ID" NUMBER, 
	"RESTAURANT" VARCHAR2(512 BYTE) COLLATE "USING_NLS_COMP", 
	"NAME" VARCHAR2(256 BYTE) COLLATE "USING_NLS_COMP", 
	"PRICE" NUMBER, 
	"TYPE" VARCHAR2(10 BYTE) COLLATE "USING_NLS_COMP", 
	"TASTE" VARCHAR2(10 BYTE) COLLATE "USING_NLS_COMP"
   )  DEFAULT COLLATION "USING_NLS_COMP" ;
--------------------------------------------------------
--  DDL for Table MY_TRADE_HISTORY
--------------------------------------------------------

  CREATE TABLE "MY_TRADE_HISTORY" 
   (	"RENT_NO" NUMBER, 
	"RES_NO" NUMBER, 
	"PRICE" NUMBER, 
	"BORROWER_CASH" NUMBER, 
	"TRADE_DATE" DATE DEFAULT current_date, 
	"DEPOSIT" NUMBER, 
	"REFUND_YN" VARCHAR2(1 BYTE) COLLATE "USING_NLS_COMP" DEFAULT 'N', 
	"LENDER_CASH" NUMBER
   )  DEFAULT COLLATION "USING_NLS_COMP" ;
--------------------------------------------------------
--  DDL for Table PERSISTENT_LOGIN
--------------------------------------------------------

  CREATE TABLE "PERSISTENT_LOGIN" 
   (	"SERIES" VARCHAR2(64 BYTE) COLLATE "USING_NLS_COMP", 
	"LAST_USED" TIMESTAMP (6), 
	"MEMBER_ID" VARCHAR2(20 BYTE) COLLATE "USING_NLS_COMP", 
	"TOKEN" VARCHAR2(64 BYTE) COLLATE "USING_NLS_COMP"
   )  DEFAULT COLLATION "USING_NLS_COMP" ;
--------------------------------------------------------
--  DDL for Table PROFILE_IMAGE
--------------------------------------------------------

  CREATE TABLE "PROFILE_IMAGE" 
   (	"MEMBER_ID" VARCHAR2(20 BYTE) COLLATE "USING_NLS_COMP", 
	"ORIGINAL_FILENAME" VARCHAR2(255 BYTE) COLLATE "USING_NLS_COMP", 
	"RENAMED_FILENAME" VARCHAR2(255 BYTE) COLLATE "USING_NLS_COMP"
   )  DEFAULT COLLATION "USING_NLS_COMP" ;
--------------------------------------------------------
--  DDL for Table RENT
--------------------------------------------------------

  CREATE TABLE "RENT" 
   (	"RENT_NO" NUMBER, 
	"RENT_START_DATE" DATE, 
	"RENT_END_DATE" DATE, 
	"RENT_STATE" VARCHAR2(20 BYTE) COLLATE "USING_NLS_COMP", 
	"REASON" VARCHAR2(50 BYTE) COLLATE "USING_NLS_COMP", 
	"BORROWER_ID" VARCHAR2(20 BYTE) COLLATE "USING_NLS_COMP", 
	"BOARD_NO" NUMBER, 
	"ISBN13" VARCHAR2(13 BYTE) COLLATE "USING_NLS_COMP"
   )  DEFAULT COLLATION "USING_NLS_COMP" ;
--------------------------------------------------------
--  DDL for Table REPORT_BOARD
--------------------------------------------------------

  CREATE TABLE "REPORT_BOARD" 
   (	"NO" NUMBER, 
	"BOARD_NO" NUMBER, 
	"REASON" VARCHAR2(20 BYTE) COLLATE "USING_NLS_COMP", 
	"DETAIL" VARCHAR2(100 BYTE) COLLATE "USING_NLS_COMP", 
	"REPORTER" VARCHAR2(20 BYTE) COLLATE "USING_NLS_COMP", 
	"REG_DATE" DATE DEFAULT current_date, 
	"BOARD_ID" VARCHAR2(20 BYTE) COLLATE "USING_NLS_COMP", 
	"CONDITION" NUMBER DEFAULT 0
   )  DEFAULT COLLATION "USING_NLS_COMP" ;
--------------------------------------------------------
--  DDL for Table REPORT_USER
--------------------------------------------------------

  CREATE TABLE "REPORT_USER" 
   (	"NO" NUMBER, 
	"REASON" VARCHAR2(20 BYTE) COLLATE "USING_NLS_COMP", 
	"DETAIL" VARCHAR2(100 BYTE) COLLATE "USING_NLS_COMP", 
	"REPORTER" VARCHAR2(20 BYTE) COLLATE "USING_NLS_COMP", 
	"REPORTEE" VARCHAR2(20 BYTE) COLLATE "USING_NLS_COMP", 
	"REG_DATE" DATE DEFAULT current_date, 
	"CONDITION" NUMBER DEFAULT 0
   )  DEFAULT COLLATION "USING_NLS_COMP" ;
--------------------------------------------------------
--  DDL for Table REQUEST_BOARD
--------------------------------------------------------

  CREATE TABLE "REQUEST_BOARD" 
   (	"NO" NUMBER, 
	"WISH_PRICE" NUMBER, 
	"BOOK_CONDITION" VARCHAR2(6 BYTE) COLLATE "USING_NLS_COMP", 
	"MEMBER_ID" VARCHAR2(20 BYTE) COLLATE "USING_NLS_COMP", 
	"DELETE_YN" VARCHAR2(1 BYTE) COLLATE "USING_NLS_COMP" DEFAULT 'N', 
	"ISBN13" VARCHAR2(13 BYTE) COLLATE "USING_NLS_COMP"
   )  DEFAULT COLLATION "USING_NLS_COMP" ;
--------------------------------------------------------
--  DDL for Table REVIEW
--------------------------------------------------------

  CREATE TABLE "REVIEW" 
   (	"NO" NUMBER, 
	"RES_NO" NUMBER, 
	"RATING" NUMBER, 
	"SENDER_ID" VARCHAR2(150 BYTE) COLLATE "USING_NLS_COMP", 
	"RECEIVER_ID" VARCHAR2(150 BYTE) COLLATE "USING_NLS_COMP"
   )  DEFAULT COLLATION "USING_NLS_COMP" ;
--------------------------------------------------------
--  DDL for Table TEST
--------------------------------------------------------

  CREATE TABLE "TEST" 
   (	"ID" NUMBER, 
	"MESSAGE" VARCHAR2(100 BYTE) COLLATE "USING_NLS_COMP"
   )  DEFAULT COLLATION "USING_NLS_COMP" ;
--------------------------------------------------------
--  DDL for Table USED_BOARD
--------------------------------------------------------

  CREATE TABLE "USED_BOARD" 
   (	"USED_BOARD_NO" NUMBER, 
	"TITLE" VARCHAR2(100 BYTE) COLLATE "USING_NLS_COMP", 
	"BOOK_STATE" VARCHAR2(20 BYTE) COLLATE "USING_NLS_COMP", 
	"TRADE_METHOD" VARCHAR2(30 BYTE) COLLATE "USING_NLS_COMP", 
	"CATEGORY" VARCHAR2(20 BYTE) COLLATE "USING_NLS_COMP", 
	"CONTENT" VARCHAR2(4000 BYTE) COLLATE "USING_NLS_COMP", 
	"WRITER" VARCHAR2(20 BYTE) COLLATE "USING_NLS_COMP", 
	"DELETE_YN" VARCHAR2(1 BYTE) COLLATE "USING_NLS_COMP" DEFAULT 'N', 
	"READ_COUNT" NUMBER DEFAULT 0, 
	"REG_DATE" DATE DEFAULT SYSDATE, 
	"PRICE" VARCHAR2(20 BYTE) COLLATE "USING_NLS_COMP"
   )  DEFAULT COLLATION "USING_NLS_COMP" ;
--------------------------------------------------------
--  DDL for Table USED_BOARD_ATTACHMENT
--------------------------------------------------------

  CREATE TABLE "USED_BOARD_ATTACHMENT" 
   (	"NO" NUMBER, 
	"ORIGINAL_FILENAME" VARCHAR2(255 BYTE) COLLATE "USING_NLS_COMP", 
	"RENAMED_FILENAME" VARCHAR2(255 BYTE) COLLATE "USING_NLS_COMP", 
	"REG_DATE" DATE DEFAULT current_date, 
	"USED_BOARD_NO" NUMBER
   )  DEFAULT COLLATION "USING_NLS_COMP" ;
--------------------------------------------------------
--  DDL for Table WISHLIST
--------------------------------------------------------

  CREATE TABLE "WISHLIST" 
   (	"MEMBER_ID" VARCHAR2(20 BYTE) COLLATE "USING_NLS_COMP", 
	"BOARD_NO" NUMBER
   )  DEFAULT COLLATION "USING_NLS_COMP" ;
REM INSERTING into ADDRESS
SET DEFINE OFF;
Insert into ADDRESS (MEMBER_ID,POSTCODE,ROAD_ADDRESS,EXTRA_ADDRESS,DEPTH1,DEPTH2,DEPTH3,BUNJI1,BUNJI2,DETAIL_ADDRESS,LATITUDE,LONGITUDE) values ('sinsa',null,'경기도 광주시 행정타운로 50','광주시청','경기','광주시','송정동','570',null,null,37.429256,127.25481);
Insert into ADDRESS (MEMBER_ID,POSTCODE,ROAD_ADDRESS,EXTRA_ADDRESS,DEPTH1,DEPTH2,DEPTH3,BUNJI1,BUNJI2,DETAIL_ADDRESS,LATITUDE,LONGITUDE) values ('jusotest12',null,'경기도 성남시 분당구 서판교로32번길 20-5',null,'경기','성남시 분당구','판교동','580','8',null,37.38917,127.09992);
Insert into ADDRESS (MEMBER_ID,POSTCODE,ROAD_ADDRESS,EXTRA_ADDRESS,DEPTH1,DEPTH2,DEPTH3,BUNJI1,BUNJI2,DETAIL_ADDRESS,LATITUDE,LONGITUDE) values ('delete123',null,'부산광역시 연제구 중앙대로 999','부산광역시경찰청','부산','연제구','연산동','1000',null,null,35.179344,129.0747);
Insert into ADDRESS (MEMBER_ID,POSTCODE,ROAD_ADDRESS,EXTRA_ADDRESS,DEPTH1,DEPTH2,DEPTH3,BUNJI1,BUNJI2,DETAIL_ADDRESS,LATITUDE,LONGITUDE) values ('kimggd123',null,'서울특별시 강남구 테헤란로14길 6','남도빌딩','서울','강남구','역삼동','823','24',null,37.49902,127.03288);
Insert into ADDRESS (MEMBER_ID,POSTCODE,ROAD_ADDRESS,EXTRA_ADDRESS,DEPTH1,DEPTH2,DEPTH3,BUNJI1,BUNJI2,DETAIL_ADDRESS,LATITUDE,LONGITUDE) values ('buyer1233',null,'경기도 광주시 행정타운로 50','광주시청','경기','광주시','송정동','570',null,null,37.429344,127.254944);
Insert into ADDRESS (MEMBER_ID,POSTCODE,ROAD_ADDRESS,EXTRA_ADDRESS,DEPTH1,DEPTH2,DEPTH3,BUNJI1,BUNJI2,DETAIL_ADDRESS,LATITUDE,LONGITUDE) values ('buyer1234',null,'경기도 광주시 행정타운로 50','광주시청','경기','광주시','송정동','570',null,null,37.429424,127.255);
Insert into ADDRESS (MEMBER_ID,POSTCODE,ROAD_ADDRESS,EXTRA_ADDRESS,DEPTH1,DEPTH2,DEPTH3,BUNJI1,BUNJI2,DETAIL_ADDRESS,LATITUDE,LONGITUDE) values ('sinjuso','27479','충청북도 충주시 가주농공1길 17',null,'충북','충주시','풍동','579','11',null,36.935616,127.90037);
Insert into ADDRESS (MEMBER_ID,POSTCODE,ROAD_ADDRESS,EXTRA_ADDRESS,DEPTH1,DEPTH2,DEPTH3,BUNJI1,BUNJI2,DETAIL_ADDRESS,LATITUDE,LONGITUDE) values ('honggd',null,'부산광역시 연제구 중앙대로 999','부산광역시경찰청','부산','연제구','연산동','1000',null,null,35.179283,129.0747);
Insert into ADDRESS (MEMBER_ID,POSTCODE,ROAD_ADDRESS,EXTRA_ADDRESS,DEPTH1,DEPTH2,DEPTH3,BUNJI1,BUNJI2,DETAIL_ADDRESS,LATITUDE,LONGITUDE) values ('cwfgw04',null,'경기도 성남시 분당구 서판교로44번길 2','키즈스쿨','경기','성남시 분당구','판교동','577',null,null,37.390472,127.09794);
Insert into ADDRESS (MEMBER_ID,POSTCODE,ROAD_ADDRESS,EXTRA_ADDRESS,DEPTH1,DEPTH2,DEPTH3,BUNJI1,BUNJI2,DETAIL_ADDRESS,LATITUDE,LONGITUDE) values ('qktnn78','03106','서울특별시 종로구 종로 295',null,'서울','종로구','창신동','561','8',null,37.57190276394905,127.01062931608548);
Insert into ADDRESS (MEMBER_ID,POSTCODE,ROAD_ADDRESS,EXTRA_ADDRESS,DEPTH1,DEPTH2,DEPTH3,BUNJI1,BUNJI2,DETAIL_ADDRESS,LATITUDE,LONGITUDE) values ('xsfrs85',null,'서울특별시 종로구 낙산성곽1길 2-4',null,'서울','종로구','창신동','680',null,null,37.572044,127.00986);
Insert into ADDRESS (MEMBER_ID,POSTCODE,ROAD_ADDRESS,EXTRA_ADDRESS,DEPTH1,DEPTH2,DEPTH3,BUNJI1,BUNJI2,DETAIL_ADDRESS,LATITUDE,LONGITUDE) values ('owjwi77',null,'부산광역시 연제구 연제로8번길 30','브라운스톤연제2단지 201동','부산','연제구','연산동','2331',null,null,35.177044,129.07979);
Insert into ADDRESS (MEMBER_ID,POSTCODE,ROAD_ADDRESS,EXTRA_ADDRESS,DEPTH1,DEPTH2,DEPTH3,BUNJI1,BUNJI2,DETAIL_ADDRESS,LATITUDE,LONGITUDE) values ('btgsi56','03119','서울특별시 종로구 종로46길 5',null,'서울','종로구','창신동','464','16',null,37.57126527775654,127.01098013708358);
Insert into ADDRESS (MEMBER_ID,POSTCODE,ROAD_ADDRESS,EXTRA_ADDRESS,DEPTH1,DEPTH2,DEPTH3,BUNJI1,BUNJI2,DETAIL_ADDRESS,LATITUDE,LONGITUDE) values ('gcauk65','03119','서울특별시 종로구 종로46가길 9-4',null,'서울','종로구','창신동','461','1',null,37.57115937139431,127.01139612098429);
Insert into ADDRESS (MEMBER_ID,POSTCODE,ROAD_ADDRESS,EXTRA_ADDRESS,DEPTH1,DEPTH2,DEPTH3,BUNJI1,BUNJI2,DETAIL_ADDRESS,LATITUDE,LONGITUDE) values ('drybw61','03119','서울특별시 종로구 종로 286','이스턴호텔','서울','종로구','창신동','442','3',null,37.57082834759536,127.01039994022149);
Insert into ADDRESS (MEMBER_ID,POSTCODE,ROAD_ADDRESS,EXTRA_ADDRESS,DEPTH1,DEPTH2,DEPTH3,BUNJI1,BUNJI2,DETAIL_ADDRESS,LATITUDE,LONGITUDE) values ('xrwya27','03198','서울특별시 종로구 종로 266','동대문종합시장','서울','종로구','종로6가','262','1',null,37.570535689230454,127.0083170897222);
Insert into ADDRESS (MEMBER_ID,POSTCODE,ROAD_ADDRESS,EXTRA_ADDRESS,DEPTH1,DEPTH2,DEPTH3,BUNJI1,BUNJI2,DETAIL_ADDRESS,LATITUDE,LONGITUDE) values ('obxag34','03125','서울특별시 종로구 종로41길 9',null,'서울','종로구','종로6가','137','2',null,37.57174313810903,127.00647775628705);
Insert into ADDRESS (MEMBER_ID,POSTCODE,ROAD_ADDRESS,EXTRA_ADDRESS,DEPTH1,DEPTH2,DEPTH3,BUNJI1,BUNJI2,DETAIL_ADDRESS,LATITUDE,LONGITUDE) values ('ftnru94',null,null,null,'서울','종로구','종로6가','228','15',null,37.57279283872667,127.00567413003401);
Insert into ADDRESS (MEMBER_ID,POSTCODE,ROAD_ADDRESS,EXTRA_ADDRESS,DEPTH1,DEPTH2,DEPTH3,BUNJI1,BUNJI2,DETAIL_ADDRESS,LATITUDE,LONGITUDE) values ('bnqzd71','03196','서울특별시 종로구 종로 234-1',null,'서울','종로구','종로5가','214','1',null,37.57077018392696,127.00367039782167);
Insert into ADDRESS (MEMBER_ID,POSTCODE,ROAD_ADDRESS,EXTRA_ADDRESS,DEPTH1,DEPTH2,DEPTH3,BUNJI1,BUNJI2,DETAIL_ADDRESS,LATITUDE,LONGITUDE) values ('qfoix87','03196','서울특별시 종로구 종로 234-1',null,'서울','종로구','종로5가','214','1',null,37.570792706498914,127.00374397670028);
Insert into ADDRESS (MEMBER_ID,POSTCODE,ROAD_ADDRESS,EXTRA_ADDRESS,DEPTH1,DEPTH2,DEPTH3,BUNJI1,BUNJI2,DETAIL_ADDRESS,LATITUDE,LONGITUDE) values ('vocns52','03195','서울특별시 종로구 창경궁로12길 46',null,'서울','종로구','예지동','296','22',null,37.569882759530444,127.00048956922859);
Insert into ADDRESS (MEMBER_ID,POSTCODE,ROAD_ADDRESS,EXTRA_ADDRESS,DEPTH1,DEPTH2,DEPTH3,BUNJI1,BUNJI2,DETAIL_ADDRESS,LATITUDE,LONGITUDE) values ('zghhr88','04620','서울특별시 중구 필동로1길 30','동국대학교','서울','중구','필동3가','26','1',null,37.55820584558115,127.00077243664833);
Insert into ADDRESS (MEMBER_ID,POSTCODE,ROAD_ADDRESS,EXTRA_ADDRESS,DEPTH1,DEPTH2,DEPTH3,BUNJI1,BUNJI2,DETAIL_ADDRESS,LATITUDE,LONGITUDE) values ('vqmvs44',null,null,null,'서울','중구','필동3가','28','24',null,37.558863549849036,126.99751290189829);
Insert into ADDRESS (MEMBER_ID,POSTCODE,ROAD_ADDRESS,EXTRA_ADDRESS,DEPTH1,DEPTH2,DEPTH3,BUNJI1,BUNJI2,DETAIL_ADDRESS,LATITUDE,LONGITUDE) values ('lwzjx53','04623','서울특별시 중구 서애로5길 30','신한은행필동합숙소','서울','중구','필동3가','28','24',null,37.55891761313018,126.99768266801244);
Insert into ADDRESS (MEMBER_ID,POSTCODE,ROAD_ADDRESS,EXTRA_ADDRESS,DEPTH1,DEPTH2,DEPTH3,BUNJI1,BUNJI2,DETAIL_ADDRESS,LATITUDE,LONGITUDE) values ('qixzv89','04630','서울특별시 중구 퇴계로20길 56',null,'서울','중구','남산동2가','26','8',null,37.55764641615088,126.98613868556859);
Insert into ADDRESS (MEMBER_ID,POSTCODE,ROAD_ADDRESS,EXTRA_ADDRESS,DEPTH1,DEPTH2,DEPTH3,BUNJI1,BUNJI2,DETAIL_ADDRESS,LATITUDE,LONGITUDE) values ('njquq59','04632','서울특별시 중구 소공로 35','남산 롯데캐슬','서울','중구','회현동1가','208',null,null,37.55814137617095,126.98180389822764);
Insert into ADDRESS (MEMBER_ID,POSTCODE,ROAD_ADDRESS,EXTRA_ADDRESS,DEPTH1,DEPTH2,DEPTH3,BUNJI1,BUNJI2,DETAIL_ADDRESS,LATITUDE,LONGITUDE) values ('eadxx60','06035','서울특별시 강남구 가로수길 5',null,'서울','강남구','신사동','537','5',null,37.51820142501556,127.02312113183092);
Insert into ADDRESS (MEMBER_ID,POSTCODE,ROAD_ADDRESS,EXTRA_ADDRESS,DEPTH1,DEPTH2,DEPTH3,BUNJI1,BUNJI2,DETAIL_ADDRESS,LATITUDE,LONGITUDE) values ('xuulw79','06036','서울특별시 강남구 강남대로152길 62',null,'서울','강남구','신사동','539','1',null,37.51867421730616,127.02428921894551);
Insert into ADDRESS (MEMBER_ID,POSTCODE,ROAD_ADDRESS,EXTRA_ADDRESS,DEPTH1,DEPTH2,DEPTH3,BUNJI1,BUNJI2,DETAIL_ADDRESS,LATITUDE,LONGITUDE) values ('hnjtn06','06036','서울특별시 강남구 도산대로15길 11',null,'서울','강남구','신사동','541','11',null,37.51904598924663,127.02375768317603);
Insert into ADDRESS (MEMBER_ID,POSTCODE,ROAD_ADDRESS,EXTRA_ADDRESS,DEPTH1,DEPTH2,DEPTH3,BUNJI1,BUNJI2,DETAIL_ADDRESS,LATITUDE,LONGITUDE) values ('vlwvp55','06036','서울특별시 강남구 도산대로17길 9',null,'서울','강남구','신사동','540','15',null,37.51927780910203,127.02467684616319);
Insert into ADDRESS (MEMBER_ID,POSTCODE,ROAD_ADDRESS,EXTRA_ADDRESS,DEPTH1,DEPTH2,DEPTH3,BUNJI1,BUNJI2,DETAIL_ADDRESS,LATITUDE,LONGITUDE) values ('llvqc53','06040','서울특별시 강남구 도산대로16길 13-6',null,'서울','강남구','논현동','10','19',null,37.51714905971635,127.02528696883041);
Insert into ADDRESS (MEMBER_ID,POSTCODE,ROAD_ADDRESS,EXTRA_ADDRESS,DEPTH1,DEPTH2,DEPTH3,BUNJI1,BUNJI2,DETAIL_ADDRESS,LATITUDE,LONGITUDE) values ('ppmqs25','06041','서울특별시 강남구 논현로145길 31',null,'서울','강남구','논현동','31','1',null,37.51709021520027,127.02655949726685);
Insert into ADDRESS (MEMBER_ID,POSTCODE,ROAD_ADDRESS,EXTRA_ADDRESS,DEPTH1,DEPTH2,DEPTH3,BUNJI1,BUNJI2,DETAIL_ADDRESS,LATITUDE,LONGITUDE) values ('cdycm16','06041','서울특별시 강남구 논현로 729','한국도자기블리스빌딩','서울','강남구','논현동','33','21',null,37.51704685049618,127.02897166647797);
Insert into ADDRESS (MEMBER_ID,POSTCODE,ROAD_ADDRESS,EXTRA_ADDRESS,DEPTH1,DEPTH2,DEPTH3,BUNJI1,BUNJI2,DETAIL_ADDRESS,LATITUDE,LONGITUDE) values ('iksgo22','06051','서울특별시 강남구 논현로142길 26',null,'서울','강남구','논현동','75','4',null,37.51759585298997,127.03135862982612);
Insert into ADDRESS (MEMBER_ID,POSTCODE,ROAD_ADDRESS,EXTRA_ADDRESS,DEPTH1,DEPTH2,DEPTH3,BUNJI1,BUNJI2,DETAIL_ADDRESS,LATITUDE,LONGITUDE) values ('icbja97','06053','서울특별시 강남구 논현로132길 31',null,'서울','강남구','논현동','85','2',null,37.515671779598726,127.03294141037424);
Insert into ADDRESS (MEMBER_ID,POSTCODE,ROAD_ADDRESS,EXTRA_ADDRESS,DEPTH1,DEPTH2,DEPTH3,BUNJI1,BUNJI2,DETAIL_ADDRESS,LATITUDE,LONGITUDE) values ('wocdp04','06060','서울특별시 강남구 학동로 343','포바강남타워','서울','강남구','논현동','119',null,null,37.51745789513534,127.04057752250522);
Insert into ADDRESS (MEMBER_ID,POSTCODE,ROAD_ADDRESS,EXTRA_ADDRESS,DEPTH1,DEPTH2,DEPTH3,BUNJI1,BUNJI2,DETAIL_ADDRESS,LATITUDE,LONGITUDE) values ('yxepn52',null,null,null,'서울','강남구','논현동','254','30',null,37.513781262360965,127.04211383338178);
Insert into ADDRESS (MEMBER_ID,POSTCODE,ROAD_ADDRESS,EXTRA_ADDRESS,DEPTH1,DEPTH2,DEPTH3,BUNJI1,BUNJI2,DETAIL_ADDRESS,LATITUDE,LONGITUDE) values ('cydva12','06103','서울특별시 강남구 봉은사로47길 13','연립주택(8세대)','서울','강남구','논현동','271','19',null,37.510664264566685,127.04075481365308);
Insert into ADDRESS (MEMBER_ID,POSTCODE,ROAD_ADDRESS,EXTRA_ADDRESS,DEPTH1,DEPTH2,DEPTH3,BUNJI1,BUNJI2,DETAIL_ADDRESS,LATITUDE,LONGITUDE) values ('pkvee52','06103','서울특별시 강남구 선릉로111길 37','이안빌딩','서울','강남구','논현동','277','7',null,37.509970530209806,127.04064133181544);
Insert into ADDRESS (MEMBER_ID,POSTCODE,ROAD_ADDRESS,EXTRA_ADDRESS,DEPTH1,DEPTH2,DEPTH3,BUNJI1,BUNJI2,DETAIL_ADDRESS,LATITUDE,LONGITUDE) values ('faplw28','06103','서울특별시 강남구 봉은사로 321','대화빌딩','서울','강남구','논현동','277','32',null,37.509952037354665,127.04199292207569);
Insert into ADDRESS (MEMBER_ID,POSTCODE,ROAD_ADDRESS,EXTRA_ADDRESS,DEPTH1,DEPTH2,DEPTH3,BUNJI1,BUNJI2,DETAIL_ADDRESS,LATITUDE,LONGITUDE) values ('tndbm20','06143','서울특별시 강남구 봉은사로 310','숨빌딩','서울','강남구','역삼동','681','17',null,37.5091820242875,127.04100849057146);
Insert into ADDRESS (MEMBER_ID,POSTCODE,ROAD_ADDRESS,EXTRA_ADDRESS,DEPTH1,DEPTH2,DEPTH3,BUNJI1,BUNJI2,DETAIL_ADDRESS,LATITUDE,LONGITUDE) values ('lbuux22','06143','서울특별시 강남구 언주로 564','라움','서울','강남구','역삼동','680','1',null,37.508466045924365,127.04007500421899);
Insert into ADDRESS (MEMBER_ID,POSTCODE,ROAD_ADDRESS,EXTRA_ADDRESS,DEPTH1,DEPTH2,DEPTH3,BUNJI1,BUNJI2,DETAIL_ADDRESS,LATITUDE,LONGITUDE) values ('dytfv13','06137','서울특별시 강남구 테헤란로39길 77',null,'서울','강남구','역삼동','656','20',null,37.50712393091225,127.03893197311463);
Insert into ADDRESS (MEMBER_ID,POSTCODE,ROAD_ADDRESS,EXTRA_ADDRESS,DEPTH1,DEPTH2,DEPTH3,BUNJI1,BUNJI2,DETAIL_ADDRESS,LATITUDE,LONGITUDE) values ('rwzyh76','06137','서울특별시 강남구 언주로103길 22',null,'서울','강남구','역삼동','656','28',null,37.50648440614426,127.0383548340817);
Insert into ADDRESS (MEMBER_ID,POSTCODE,ROAD_ADDRESS,EXTRA_ADDRESS,DEPTH1,DEPTH2,DEPTH3,BUNJI1,BUNJI2,DETAIL_ADDRESS,LATITUDE,LONGITUDE) values ('bravn90','06125','서울특별시 강남구 봉은사로 150','삼정관광호텔','서울','강남구','역삼동','604','7',null,37.50601346068049,127.03129158017539);
Insert into ADDRESS (MEMBER_ID,POSTCODE,ROAD_ADDRESS,EXTRA_ADDRESS,DEPTH1,DEPTH2,DEPTH3,BUNJI1,BUNJI2,DETAIL_ADDRESS,LATITUDE,LONGITUDE) values ('kqgxl98',null,null,null,'서울','강남구','논현동','203','1',null,37.506005217369605,127.02824922236447);
Insert into ADDRESS (MEMBER_ID,POSTCODE,ROAD_ADDRESS,EXTRA_ADDRESS,DEPTH1,DEPTH2,DEPTH3,BUNJI1,BUNJI2,DETAIL_ADDRESS,LATITUDE,LONGITUDE) values ('jaczl55','06597','서울특별시 서초구 고무래로 35','반포리체아파트 106동','서울','서초구','반포동','30','26',null,37.504494255024106,127.01240384765856);
Insert into ADDRESS (MEMBER_ID,POSTCODE,ROAD_ADDRESS,EXTRA_ADDRESS,DEPTH1,DEPTH2,DEPTH3,BUNJI1,BUNJI2,DETAIL_ADDRESS,LATITUDE,LONGITUDE) values ('zzapu99','06597','서울특별시 서초구 서초중앙로 242','삼호가든맨션 502동','서울','서초구','반포동','30','1',null,37.50408887411837,127.01170258670663);
Insert into ADDRESS (MEMBER_ID,POSTCODE,ROAD_ADDRESS,EXTRA_ADDRESS,DEPTH1,DEPTH2,DEPTH3,BUNJI1,BUNJI2,DETAIL_ADDRESS,LATITUDE,LONGITUDE) values ('fnrss67','06593','서울특별시 서초구 고무래로 6-6','선경빌딩','서울','서초구','반포동','59','4',null,37.5039629137696,127.00971208451936);
Insert into ADDRESS (MEMBER_ID,POSTCODE,ROAD_ADDRESS,EXTRA_ADDRESS,DEPTH1,DEPTH2,DEPTH3,BUNJI1,BUNJI2,DETAIL_ADDRESS,LATITUDE,LONGITUDE) values ('gmqfe85','06544','서울특별시 서초구 신반포로 270','반포자이아파트 104동','서울','서초구','반포동','20','43',null,37.507611829985,127.01144300410486);
Insert into ADDRESS (MEMBER_ID,POSTCODE,ROAD_ADDRESS,EXTRA_ADDRESS,DEPTH1,DEPTH2,DEPTH3,BUNJI1,BUNJI2,DETAIL_ADDRESS,LATITUDE,LONGITUDE) values ('dyotr66','06521','서울특별시 서초구 잠원로 46-3','이디엘','서울','서초구','잠원동','66','9',null,37.50890951373242,127.00866086690102);
Insert into ADDRESS (MEMBER_ID,POSTCODE,ROAD_ADDRESS,EXTRA_ADDRESS,DEPTH1,DEPTH2,DEPTH3,BUNJI1,BUNJI2,DETAIL_ADDRESS,LATITUDE,LONGITUDE) values ('zkmah38','06511','서울특별시 서초구 잠원로 51','뉴코아백화점','서울','서초구','잠원동','70','2',null,37.50919341275715,127.00745069236727);
Insert into ADDRESS (MEMBER_ID,POSTCODE,ROAD_ADDRESS,EXTRA_ADDRESS,DEPTH1,DEPTH2,DEPTH3,BUNJI1,BUNJI2,DETAIL_ADDRESS,LATITUDE,LONGITUDE) values ('bcdiu65','06511','서울특별시 서초구 잠원로 37-48','신반포4차아파트 210동','서울','서초구','잠원동','70',null,null,37.50900878401546,127.00610474580841);
Insert into ADDRESS (MEMBER_ID,POSTCODE,ROAD_ADDRESS,EXTRA_ADDRESS,DEPTH1,DEPTH2,DEPTH3,BUNJI1,BUNJI2,DETAIL_ADDRESS,LATITUDE,LONGITUDE) values ('supff55','06509','서울특별시 서초구 신반포로23길 41','신반포2지구아파트 101동','서울','서초구','잠원동','73',null,null,37.50977479527296,127.00033648549108);
Insert into ADDRESS (MEMBER_ID,POSTCODE,ROAD_ADDRESS,EXTRA_ADDRESS,DEPTH1,DEPTH2,DEPTH3,BUNJI1,BUNJI2,DETAIL_ADDRESS,LATITUDE,LONGITUDE) values ('qvmey37',null,null,null,'서울','서초구','반포동','1','1',null,37.508152934399874,126.99646839255907);
Insert into ADDRESS (MEMBER_ID,POSTCODE,ROAD_ADDRESS,EXTRA_ADDRESS,DEPTH1,DEPTH2,DEPTH3,BUNJI1,BUNJI2,DETAIL_ADDRESS,LATITUDE,LONGITUDE) values ('ssdux63','06503','서울특별시 서초구 신반포로15길 19','아크로리버파크 102동','서울','서초구','반포동','2','12',null,37.505125364983904,126.99239137563949);
Insert into ADDRESS (MEMBER_ID,POSTCODE,ROAD_ADDRESS,EXTRA_ADDRESS,DEPTH1,DEPTH2,DEPTH3,BUNJI1,BUNJI2,DETAIL_ADDRESS,LATITUDE,LONGITUDE) values ('kasyv97','07032','서울특별시 동작구 양녕로 220','상도역 롯데캐슬 파크엘','서울','동작구','상도동','904',null,null,37.501387923577596,126.94669139501576);
Insert into ADDRESS (MEMBER_ID,POSTCODE,ROAD_ADDRESS,EXTRA_ADDRESS,DEPTH1,DEPTH2,DEPTH3,BUNJI1,BUNJI2,DETAIL_ADDRESS,LATITUDE,LONGITUDE) values ('ddfoy41','06966','서울특별시 동작구 장승배기로4길 9','상도 더샵아파트 119동','서울','동작구','상도동','521',null,null,37.50258425426564,126.9424156099625);
Insert into ADDRESS (MEMBER_ID,POSTCODE,ROAD_ADDRESS,EXTRA_ADDRESS,DEPTH1,DEPTH2,DEPTH3,BUNJI1,BUNJI2,DETAIL_ADDRESS,LATITUDE,LONGITUDE) values ('qwerty',null,'부산광역시 연제구 중앙대로 1001','부산광역시청, 부산광역시의회','부산','연제구','연산동','1000',null,null,35.17975,129.07516);
Insert into ADDRESS (MEMBER_ID,POSTCODE,ROAD_ADDRESS,EXTRA_ADDRESS,DEPTH1,DEPTH2,DEPTH3,BUNJI1,BUNJI2,DETAIL_ADDRESS,LATITUDE,LONGITUDE) values ('temp1234',null,'경기도 광주시 행정타운로 50','광주시청','경기','광주시','송정동','570',null,null,37.429337,127.25512);
Insert into ADDRESS (MEMBER_ID,POSTCODE,ROAD_ADDRESS,EXTRA_ADDRESS,DEPTH1,DEPTH2,DEPTH3,BUNJI1,BUNJI2,DETAIL_ADDRESS,LATITUDE,LONGITUDE) values ('alfhaos1212',null,'서울특별시 중구 무교로 15','남강건설회관빌딩','서울','중구','무교동','32','2',null,37.56734,126.97891);
Insert into ADDRESS (MEMBER_ID,POSTCODE,ROAD_ADDRESS,EXTRA_ADDRESS,DEPTH1,DEPTH2,DEPTH3,BUNJI1,BUNJI2,DETAIL_ADDRESS,LATITUDE,LONGITUDE) values ('yoonjava123',null,'서울특별시 강남구 테헤란로14길 6','남도빌딩','서울','강남구','역삼동','823','24',null,37.498978,127.03286);
REM INSERTING into ADMIN_INQUIRE
SET DEFINE OFF;
Insert into ADMIN_INQUIRE (NO,INQUIRE_NO,ADMIN_ID,ADMIN_NAME,CONTENT,REG_DATE,CONDITION) values (1,1,'admin1234','관리자이올시다','반갑습니다 신사임당님
ㅎㅎㅎㅎㅎㅎㅎㅎㅎㅎ',to_date('22/01/25','RR/MM/DD'),1);
Insert into ADMIN_INQUIRE (NO,INQUIRE_NO,ADMIN_ID,ADMIN_NAME,CONTENT,REG_DATE,CONDITION) values (83,15,'admin','관리자','안녕하세요',to_date('22/02/16','RR/MM/DD'),1);
Insert into ADMIN_INQUIRE (NO,INQUIRE_NO,ADMIN_ID,ADMIN_NAME,CONTENT,REG_DATE,CONDITION) values (81,13,'admin','관리자','안녕하세요 북토리 
감사합니다.',to_date('22/02/16','RR/MM/DD'),1);
Insert into ADMIN_INQUIRE (NO,INQUIRE_NO,ADMIN_ID,ADMIN_NAME,CONTENT,REG_DATE,CONDITION) values (44,6,'admin1234','관리자이올시다','테스트 내용',to_date('22/02/01','RR/MM/DD'),1);
Insert into ADMIN_INQUIRE (NO,INQUIRE_NO,ADMIN_ID,ADMIN_NAME,CONTENT,REG_DATE,CONDITION) values (64,2,'admin','관리자','저도 한 번 
끄적여
보겠습니다!!!!',to_date('22/02/08','RR/MM/DD'),1);
Insert into ADMIN_INQUIRE (NO,INQUIRE_NO,ADMIN_ID,ADMIN_NAME,CONTENT,REG_DATE,CONDITION) values (82,14,'admin','관리자','안녕하세요',to_date('22/02/16','RR/MM/DD'),1);
Insert into ADMIN_INQUIRE (NO,INQUIRE_NO,ADMIN_ID,ADMIN_NAME,CONTENT,REG_DATE,CONDITION) values (42,7,'admin1234','관리자이올시다','테스트입니다',to_date('22/02/01','RR/MM/DD'),1);
Insert into ADMIN_INQUIRE (NO,INQUIRE_NO,ADMIN_ID,ADMIN_NAME,CONTENT,REG_DATE,CONDITION) values (41,8,'admin1234','관리자이올시다','음 저도 잘 모르겠는데 
잘 찾아보세요...........',to_date('22/01/31','RR/MM/DD'),1);
REM INSERTING into AUTHORITY
SET DEFINE OFF;
Insert into AUTHORITY (AUTHORITY,MEMBER_ID) values ('ROLE_ADMIN','admin');
Insert into AUTHORITY (AUTHORITY,MEMBER_ID) values ('ROLE_ADMIN','qvmey37');
Insert into AUTHORITY (AUTHORITY,MEMBER_ID) values ('ROLE_USER','abcde');
Insert into AUTHORITY (AUTHORITY,MEMBER_ID) values ('ROLE_USER','admin');
Insert into AUTHORITY (AUTHORITY,MEMBER_ID) values ('ROLE_USER','alfhaos1212');
Insert into AUTHORITY (AUTHORITY,MEMBER_ID) values ('ROLE_USER','bcdiu65');
Insert into AUTHORITY (AUTHORITY,MEMBER_ID) values ('ROLE_USER','bnqzd71');
Insert into AUTHORITY (AUTHORITY,MEMBER_ID) values ('ROLE_USER','bravn90');
Insert into AUTHORITY (AUTHORITY,MEMBER_ID) values ('ROLE_USER','btgsi56');
Insert into AUTHORITY (AUTHORITY,MEMBER_ID) values ('ROLE_USER','buyer1233');
Insert into AUTHORITY (AUTHORITY,MEMBER_ID) values ('ROLE_USER','buyer1234');
Insert into AUTHORITY (AUTHORITY,MEMBER_ID) values ('ROLE_USER','cdycm16');
Insert into AUTHORITY (AUTHORITY,MEMBER_ID) values ('ROLE_USER','chart1');
Insert into AUTHORITY (AUTHORITY,MEMBER_ID) values ('ROLE_USER','chart2');
Insert into AUTHORITY (AUTHORITY,MEMBER_ID) values ('ROLE_USER','chart3');
Insert into AUTHORITY (AUTHORITY,MEMBER_ID) values ('ROLE_USER','chart3.1');
Insert into AUTHORITY (AUTHORITY,MEMBER_ID) values ('ROLE_USER','chart4');
Insert into AUTHORITY (AUTHORITY,MEMBER_ID) values ('ROLE_USER','chart5');
Insert into AUTHORITY (AUTHORITY,MEMBER_ID) values ('ROLE_USER','cwfgw04');
Insert into AUTHORITY (AUTHORITY,MEMBER_ID) values ('ROLE_USER','cydva12');
Insert into AUTHORITY (AUTHORITY,MEMBER_ID) values ('ROLE_USER','ddfoy41');
Insert into AUTHORITY (AUTHORITY,MEMBER_ID) values ('ROLE_USER','delete123');
Insert into AUTHORITY (AUTHORITY,MEMBER_ID) values ('ROLE_USER','drybw61');
Insert into AUTHORITY (AUTHORITY,MEMBER_ID) values ('ROLE_USER','dyotr66');
Insert into AUTHORITY (AUTHORITY,MEMBER_ID) values ('ROLE_USER','dytfv13');
Insert into AUTHORITY (AUTHORITY,MEMBER_ID) values ('ROLE_USER','eadxx60');
Insert into AUTHORITY (AUTHORITY,MEMBER_ID) values ('ROLE_USER','faplw28');
Insert into AUTHORITY (AUTHORITY,MEMBER_ID) values ('ROLE_USER','fnrss67');
Insert into AUTHORITY (AUTHORITY,MEMBER_ID) values ('ROLE_USER','ftnru94');
Insert into AUTHORITY (AUTHORITY,MEMBER_ID) values ('ROLE_USER','gcauk65');
Insert into AUTHORITY (AUTHORITY,MEMBER_ID) values ('ROLE_USER','gmqfe85');
Insert into AUTHORITY (AUTHORITY,MEMBER_ID) values ('ROLE_USER','hnjtn06');
Insert into AUTHORITY (AUTHORITY,MEMBER_ID) values ('ROLE_USER','honggd');
Insert into AUTHORITY (AUTHORITY,MEMBER_ID) values ('ROLE_USER','icbja97');
Insert into AUTHORITY (AUTHORITY,MEMBER_ID) values ('ROLE_USER','iksgo22');
Insert into AUTHORITY (AUTHORITY,MEMBER_ID) values ('ROLE_USER','jaczl55');
Insert into AUTHORITY (AUTHORITY,MEMBER_ID) values ('ROLE_USER','jusotest12');
Insert into AUTHORITY (AUTHORITY,MEMBER_ID) values ('ROLE_USER','kasyv97');
Insert into AUTHORITY (AUTHORITY,MEMBER_ID) values ('ROLE_USER','kimggd123');
Insert into AUTHORITY (AUTHORITY,MEMBER_ID) values ('ROLE_USER','kqgxl98');
Insert into AUTHORITY (AUTHORITY,MEMBER_ID) values ('ROLE_USER','lbuux22');
Insert into AUTHORITY (AUTHORITY,MEMBER_ID) values ('ROLE_USER','llvqc53');
Insert into AUTHORITY (AUTHORITY,MEMBER_ID) values ('ROLE_USER','lwzjx53');
Insert into AUTHORITY (AUTHORITY,MEMBER_ID) values ('ROLE_USER','njquq59');
Insert into AUTHORITY (AUTHORITY,MEMBER_ID) values ('ROLE_USER','obxag34');
Insert into AUTHORITY (AUTHORITY,MEMBER_ID) values ('ROLE_USER','owjwi77');
Insert into AUTHORITY (AUTHORITY,MEMBER_ID) values ('ROLE_USER','pkvee52');
Insert into AUTHORITY (AUTHORITY,MEMBER_ID) values ('ROLE_USER','ppmqs25');
Insert into AUTHORITY (AUTHORITY,MEMBER_ID) values ('ROLE_USER','qfoix87');
Insert into AUTHORITY (AUTHORITY,MEMBER_ID) values ('ROLE_USER','qixzv89');
Insert into AUTHORITY (AUTHORITY,MEMBER_ID) values ('ROLE_USER','qktnn78');
Insert into AUTHORITY (AUTHORITY,MEMBER_ID) values ('ROLE_USER','qvmey37');
Insert into AUTHORITY (AUTHORITY,MEMBER_ID) values ('ROLE_USER','qwerty');
Insert into AUTHORITY (AUTHORITY,MEMBER_ID) values ('ROLE_USER','rwzyh76');
Insert into AUTHORITY (AUTHORITY,MEMBER_ID) values ('ROLE_USER','sinjuso');
Insert into AUTHORITY (AUTHORITY,MEMBER_ID) values ('ROLE_USER','sinsa');
Insert into AUTHORITY (AUTHORITY,MEMBER_ID) values ('ROLE_USER','ssdux63');
Insert into AUTHORITY (AUTHORITY,MEMBER_ID) values ('ROLE_USER','supff55');
Insert into AUTHORITY (AUTHORITY,MEMBER_ID) values ('ROLE_USER','temp1234');
Insert into AUTHORITY (AUTHORITY,MEMBER_ID) values ('ROLE_USER','tndbm20');
Insert into AUTHORITY (AUTHORITY,MEMBER_ID) values ('ROLE_USER','vlwvp55');
Insert into AUTHORITY (AUTHORITY,MEMBER_ID) values ('ROLE_USER','vocns52');
Insert into AUTHORITY (AUTHORITY,MEMBER_ID) values ('ROLE_USER','vqmvs44');
Insert into AUTHORITY (AUTHORITY,MEMBER_ID) values ('ROLE_USER','wocdp04');
Insert into AUTHORITY (AUTHORITY,MEMBER_ID) values ('ROLE_USER','xrwya27');
Insert into AUTHORITY (AUTHORITY,MEMBER_ID) values ('ROLE_USER','xsfrs85');
Insert into AUTHORITY (AUTHORITY,MEMBER_ID) values ('ROLE_USER','xuulw79');
Insert into AUTHORITY (AUTHORITY,MEMBER_ID) values ('ROLE_USER','yoonjava123');
Insert into AUTHORITY (AUTHORITY,MEMBER_ID) values ('ROLE_USER','yxepn52');
Insert into AUTHORITY (AUTHORITY,MEMBER_ID) values ('ROLE_USER','zghhr88');
Insert into AUTHORITY (AUTHORITY,MEMBER_ID) values ('ROLE_USER','zkmah38');
Insert into AUTHORITY (AUTHORITY,MEMBER_ID) values ('ROLE_USER','zzapu99');
REM INSERTING into BOARD_ID
SET DEFINE OFF;
Insert into BOARD_ID (BOARD_ID,BOARD_NAME) values ('1','community');
Insert into BOARD_ID (BOARD_ID,BOARD_NAME) values ('2','request');
Insert into BOARD_ID (BOARD_ID,BOARD_NAME) values ('3','used');
REM INSERTING into BOOK_COLLECTION
SET DEFINE OFF;
Insert into BOOK_COLLECTION (NO,COLLECTION_NAME,MEMBER_ID) values (12,'페이징처리 확인','sinsa');
Insert into BOOK_COLLECTION (NO,COLLECTION_NAME,MEMBER_ID) values (2,'인사 잘 하는 법','abcde');
Insert into BOOK_COLLECTION (NO,COLLECTION_NAME,MEMBER_ID) values (3,'하루에 10분씩','qwerty');
Insert into BOOK_COLLECTION (NO,COLLECTION_NAME,MEMBER_ID) values (5,'10분 일찍 일어나기','honggd');
Insert into BOOK_COLLECTION (NO,COLLECTION_NAME,MEMBER_ID) values (7,'알고리즘의 신세계','sinsa');
Insert into BOOK_COLLECTION (NO,COLLECTION_NAME,MEMBER_ID) values (9,'테스트','sinsa');
Insert into BOOK_COLLECTION (NO,COLLECTION_NAME,MEMBER_ID) values (15,'미라클모닝','honggd');
REM INSERTING into BOOK_COLLECTION_LIST
SET DEFINE OFF;
Insert into BOOK_COLLECTION_LIST (NO,BOOK_COLLECTION_NO,ISBN13,REGDATE) values (44,5,'9788926391495',to_date('22/02/11','RR/MM/DD'));
Insert into BOOK_COLLECTION_LIST (NO,BOOK_COLLECTION_NO,ISBN13,REGDATE) values (45,5,'9788931465563',to_date('22/02/11','RR/MM/DD'));
Insert into BOOK_COLLECTION_LIST (NO,BOOK_COLLECTION_NO,ISBN13,REGDATE) values (60,5,'9791161571188',to_date('22/02/16','RR/MM/DD'));
Insert into BOOK_COLLECTION_LIST (NO,BOOK_COLLECTION_NO,ISBN13,REGDATE) values (33,7,'9788932903507',to_date('22/02/09','RR/MM/DD'));
Insert into BOOK_COLLECTION_LIST (NO,BOOK_COLLECTION_NO,ISBN13,REGDATE) values (34,7,'9788932903514',to_date('22/02/09','RR/MM/DD'));
Insert into BOOK_COLLECTION_LIST (NO,BOOK_COLLECTION_NO,ISBN13,REGDATE) values (35,7,'9788932903514',to_date('22/02/09','RR/MM/DD'));
Insert into BOOK_COLLECTION_LIST (NO,BOOK_COLLECTION_NO,ISBN13,REGDATE) values (25,2,'9788932903507',to_date('22/02/09','RR/MM/DD'));
Insert into BOOK_COLLECTION_LIST (NO,BOOK_COLLECTION_NO,ISBN13,REGDATE) values (26,2,'9788932903507',to_date('22/02/09','RR/MM/DD'));
Insert into BOOK_COLLECTION_LIST (NO,BOOK_COLLECTION_NO,ISBN13,REGDATE) values (28,3,'9788932903507',to_date('22/02/09','RR/MM/DD'));
Insert into BOOK_COLLECTION_LIST (NO,BOOK_COLLECTION_NO,ISBN13,REGDATE) values (42,7,'9788932903514',to_date('22/02/09','RR/MM/DD'));
Insert into BOOK_COLLECTION_LIST (NO,BOOK_COLLECTION_NO,ISBN13,REGDATE) values (53,7,'9791189352424',to_date('22/02/15','RR/MM/DD'));
Insert into BOOK_COLLECTION_LIST (NO,BOOK_COLLECTION_NO,ISBN13,REGDATE) values (31,7,'9788932903514',to_date('22/02/09','RR/MM/DD'));
Insert into BOOK_COLLECTION_LIST (NO,BOOK_COLLECTION_NO,ISBN13,REGDATE) values (36,7,'9788932903507',to_date('22/02/09','RR/MM/DD'));
Insert into BOOK_COLLECTION_LIST (NO,BOOK_COLLECTION_NO,ISBN13,REGDATE) values (37,7,'9788932903514',to_date('22/02/09','RR/MM/DD'));
Insert into BOOK_COLLECTION_LIST (NO,BOOK_COLLECTION_NO,ISBN13,REGDATE) values (38,7,'9788932903514',to_date('22/02/09','RR/MM/DD'));
Insert into BOOK_COLLECTION_LIST (NO,BOOK_COLLECTION_NO,ISBN13,REGDATE) values (39,2,'9788932903507',to_date('22/02/09','RR/MM/DD'));
Insert into BOOK_COLLECTION_LIST (NO,BOOK_COLLECTION_NO,ISBN13,REGDATE) values (40,2,'9788932903514',to_date('22/02/09','RR/MM/DD'));
Insert into BOOK_COLLECTION_LIST (NO,BOOK_COLLECTION_NO,ISBN13,REGDATE) values (43,7,'9788932903507',to_date('22/02/09','RR/MM/DD'));
REM INSERTING into BOOK_INFO
SET DEFINE OFF;
Insert into BOOK_INFO (ISBN13,TITLE,AUTHOR,PUBLISHER,PUBDATE,ITEM_PAGE,CATEGORY_NAME,COVER,DESCRIPTION) values ('9788926391495','코믹 메이플 스토리 오프라인 RPG 49','송도수 (글), 서정은 (그림)','서울문화사',to_date('11/12/20','RR/MM/DD'),192,'국내도서>어린이>TV/만화/영화>만화 일반','https://image.aladin.co.kr/product/1429/51/cover150/8926391493_1.jpg','2004년 4월에 1권을 출간하여 지금까지, ‘8년 연속 초특급 베스트셀러’,  ‘1200만부 돌파’를 기록하며 독자들의 꾸준한 사랑을 받고 있는 아동 만화책이다. 각양각색 개성만점의 주인공들과 함께 모험을 떠나며 우정, 도전, 배려, 정의를 배우고 독창적인 이야기를 통해 마음껏 상상해보고 추론하는 과정에서 어린이들의 상상력과 창의력이 향상된다.');
Insert into BOOK_INFO (ISBN13,TITLE,AUTHOR,PUBLISHER,PUBDATE,ITEM_PAGE,CATEGORY_NAME,COVER,DESCRIPTION) values ('9788932903521','개미 3 (양장) - 제2부 개미의 날','베르나르 베르베르 (지은이), 이세욱 (옮긴이)','열린책들',to_date('01/01/30','RR/MM/DD'),692,'국내도서>소설/시/희곡>프랑스소설','https://image.aladin.co.kr/product/26/54/cover150/8932903522_3.jpg','프랑스 인기작가 베르나르 베르베르의 출세작. 한 마리의 개미, 혹은 하나의 개미 도시가 태어나서 성장하고 멸망해 가는 과정을 치밀하고 생동감 있게 그려 나간 과학소설, 혹은 철학소설이다. 인간과 매우 다른 종에 대한 체계적인 관찰과 묘사는 ''개미 신드롬''이랄만큼 인기를 끌며 놀라움을 주었다.');
Insert into BOOK_INFO (ISBN13,TITLE,AUTHOR,PUBLISHER,PUBDATE,ITEM_PAGE,CATEGORY_NAME,COVER,DESCRIPTION) values ('9788932903538','개미 4 (양장) - 제3부 개미혁명','베르나르 베르베르 (지은이), 이세욱 (옮긴이)','열린책들',to_date('01/02/15','RR/MM/DD'),467,'국내도서>소설/시/희곡>프랑스소설','https://image.aladin.co.kr/product/26/54/cover150/8932903530_3.jpg','프랑스 인기작가 베르나르 베르베르의 출세작. 한 마리의 개미, 혹은 하나의 개미 도시가 태어나서 성장하고 멸망해 가는 과정을 치밀하고 생동감 있게 그려 나간 과학소설, 혹은 철학소설이다. 인간과 매우 다른 종에 대한 체계적인 관찰과 묘사는 ''개미 신드롬''이랄만큼 인기를 끌며 놀라움을 주었다.');
Insert into BOOK_INFO (ISBN13,TITLE,AUTHOR,PUBLISHER,PUBDATE,ITEM_PAGE,CATEGORY_NAME,COVER,DESCRIPTION) values ('9788932903545','개미 5 (양장) - 제3부 개미혁명','베르나르 베르베르 (지은이), 이세욱 (옮긴이)','열린책들',to_date('01/02/15','RR/MM/DD'),877,'국내도서>소설/시/희곡>프랑스소설','https://image.aladin.co.kr/product/26/54/cover150/8932903549_3.jpg','프랑스 인기작가 베르나르 베르베르의 출세작. 한 마리의 개미, 혹은 하나의 개미 도시가 태어나서 성장하고 멸망해 가는 과정을 치밀하고 생동감 있게 그려 나간 과학소설, 혹은 철학소설이다. 인간과 매우 다른 종에 대한 체계적인 관찰과 묘사는 ''개미 신드롬''이랄만큼 인기를 끌며 놀라움을 주었다.');
Insert into BOOK_INFO (ISBN13,TITLE,AUTHOR,PUBLISHER,PUBDATE,ITEM_PAGE,CATEGORY_NAME,COVER,DESCRIPTION) values ('9791197001932','개미 5년, 세후 55억','성현우(스윙트레이더) (지은이)','모루',to_date('21/12/01','RR/MM/DD'),276,'국내도서>경제경영>재테크/투자>주식/펀드','https://image.aladin.co.kr/product/28412/81/cover150/k102835016_1.jpg','저자가 5년간 경험한 주식투자 경험뿐 아니라 수많은 투자자에게 도움이 될 주식 공부법, 매매법, 자기관리법, 투자 노하우 등의 정보들로 채워져 있다. 마이너스 자산에서 55억 원의 수익을 만들어낸 평범한 가장 개미의 비범한 주식투자 기록이기도 하다.');
Insert into BOOK_INFO (ISBN13,TITLE,AUTHOR,PUBLISHER,PUBDATE,ITEM_PAGE,CATEGORY_NAME,COVER,DESCRIPTION) values ('9788959522200','스타크래프트 2 : 천국의 악마들','윌리엄 C. 디츠, 블리자드 엔터테인먼트 (지은이), 구세희 (옮긴이)','제우미디어',to_date('10/11/01','RR/MM/DD'),414,'국내도서>소설/시/희곡>판타지/환상문학>외국판타지/환상소설','https://image.aladin.co.kr/product/802/30/cover150/8959522201_2.jpg','초대작 멀티플레이어 게임 [스타크래프트]의 주인공들이 선보이는 과거 이야기. 조합 전쟁으로 큰 희생을 치른 주민들. 금전적 보상을 해주겠다는 제안에 현혹되어 입대한 한 무리의 젊은이들은 갑자기 온순해진 범죄자들과 몇몇 수상한 장교들과 함께 치열한 전투에 뛰어든다. 가족의 생활고를 해결하겠다는 결심과 젊은이다운 패기로 18세 짐 레이너 역시 신병 훈련소에 들어가 전장에서 자신의 자리를 찾지만 이내 이내 공식적 임무 뒤에 숨겨진 음모가 있음을 깨닫는데…');
Insert into BOOK_INFO (ISBN13,TITLE,AUTHOR,PUBLISHER,PUBDATE,ITEM_PAGE,CATEGORY_NAME,COVER,DESCRIPTION) values ('9791161571188','불편한 편의점','김호연 (지은이)','나무옆의자',to_date('21/04/20','RR/MM/DD'),268,'국내도서>소설/시/희곡>한국소설>2000년대 이후 한국소설','https://image.aladin.co.kr/product/26942/84/cover150/k582730818_1.jpg','&lt;망원동 브라더스&gt;의 작가 김호연의 ''동네이야기'' 시즌 2. 청파동 골목 모퉁이에 자리 잡은 작은 편의점을 무대로 힘겨운 시대를 살아가는 우리 이웃들의 삶의 속내와 희로애락을 따뜻하고 유머러스하게 담아냈다.');
Insert into BOOK_INFO (ISBN13,TITLE,AUTHOR,PUBLISHER,PUBDATE,ITEM_PAGE,CATEGORY_NAME,COVER,DESCRIPTION) values ('9791190147798','고정욱 삼국지 2 : 난세의 간웅 - 주석으로 쉽게 읽는','고정욱 삼국지 2 : 난세의 간웅 - 주석으로 쉽게 읽는','애플북스',to_date('22/01/01','RR/MM/DD'),244,'국내도서>청소년>청소년 고전','https://image.aladin.co.kr/product/28540/76/cover150/k752835232_1.jpg','그동안 어린이와 청소년 독자들의 마음을 사로잡으며 인기작가 반열에 오른 고정욱 작가가 장장 5년에 걸쳐 심혈을 기울여 작업했다. 두말할 나위 없이 《삼국지》는 중국 오천 년 역사에서 가장 유명한 작품일 뿐 아니라 손에 꼽는 고전으로 자리 잡고 있다.');
Insert into BOOK_INFO (ISBN13,TITLE,AUTHOR,PUBLISHER,PUBDATE,ITEM_PAGE,CATEGORY_NAME,COVER,DESCRIPTION) values ('9788936449032','홍길동전','홍길동전','창비',to_date('03/04/25','RR/MM/DD'),146,'국내도서>어린이>동화/명작/고전>어린이를 위한 고전','https://image.aladin.co.kr/product/41/12/cover150/8936449036_1.jpg','19세기에서 20세기 초 구한말 큰 인기를 끈 <홍길동전>을 어린이의 눈높이에도 맞고, 원본의 매력을 느낄 수 있도록 새롭게 책을 꾸몄다. ''재미있다 우리 고전'' 시리즈 세번째 책으로, 조선시대 전설적 의적 홍길동 이야기를 선이 굵고 생동감 넘치는 사건들로 가득한 이야기로 만들었다.');
Insert into BOOK_INFO (ISBN13,TITLE,AUTHOR,PUBLISHER,PUBDATE,ITEM_PAGE,CATEGORY_NAME,COVER,DESCRIPTION) values ('9788958073345','백설공주는 왜 자꾸 문을 열어 줄까 - 동화로 만나는 사회학','백설공주는 왜 자꾸 문을 열어 줄까 - 동화로 만나는 사회학','뜨인돌',to_date('11/06/30','RR/MM/DD'),208,'국내도서>사회과학>사회학>사회학 일반','https://image.aladin.co.kr/product/1207/64/cover150/8958073349_1.jpg','동화의 미심쩍은 부분에 질문을 던지며 새로운 관계와 연대를 상상하는 사회학 에세이가 출간되었다. 저자는 우리에게 친숙한 동화 속 주인공들에 빗대어 현대인이 가지고 있는 결핍, 관계의 부족, 상상과 일탈, 연대, 우정 등을 이야기한다.');
Insert into BOOK_INFO (ISBN13,TITLE,AUTHOR,PUBLISHER,PUBDATE,ITEM_PAGE,CATEGORY_NAME,COVER,DESCRIPTION) values ('9788932903514','개미 2 (양장) - 제2부 개미의 날','베르나르 베르베르 (지은이), 이세욱 (옮긴이)','열린책들',to_date('01/01/30','RR/MM/DD'),359,'국내도서&gt;소설/시/희곡&gt;프랑스소설','https://image.aladin.co.kr/product/26/54/cover150/8932903514_3.jpg','개미 2 (양장) - 베르나르 베르베르 지음, 이세욱 옮김 &lt;br/&gt; 프랑스 인기작가 베르나르 베르베르의 출세작. 한 마리의 개미, 혹은 하나의 개미 도시가 태어나서 성장하고 멸망해 가는 과정을 치밀하고 생동감 있게 그려 나간 과학소설, 혹은 철학소설이다. 인간과 매우 다른 종에 대한 체계적인 관찰과 묘사는 개미 신드롬 이랄만큼 인기를 끌며 놀라움을 주었다.');
Insert into BOOK_INFO (ISBN13,TITLE,AUTHOR,PUBLISHER,PUBDATE,ITEM_PAGE,CATEGORY_NAME,COVER,DESCRIPTION) values ('9788960773431','토비의 스프링 3.1 세트 - 전2권','이일민 (지은이)','에이콘출판',to_date('12/09/21','RR/MM/DD'),1720,'국내도서>컴퓨터/모바일>프로그래밍 개발/방법론>프로그래밍 기초/개발 방법론','https://image.aladin.co.kr/product/1950/57/cover150/8960773433_1.jpg','스프링을 처음 접하거나 스프링을 경험했지만 스프링이 어렵게 느껴지는 개발자부터 스프링을 활용한 아키텍처를 설계하고 프레임워크를 개발하려고 하는 아키텍트에 이르기까지 모두 참고할 수 있는 스프링 완벽 바이블이다.');
Insert into BOOK_INFO (ISBN13,TITLE,AUTHOR,PUBLISHER,PUBDATE,ITEM_PAGE,CATEGORY_NAME,COVER,DESCRIPTION) values ('9788983928450','해리 포터와 비밀의 방 (미나리마 에디션)','J.K. 롤링 (지은이), 미나리마 (그림), 강동혁 (옮긴이)','문학수첩',to_date('21/10/26','RR/MM/DD'),400,'국내도서>소설/시/희곡>판타지/환상문학>외국판타지/환상소설','https://image.aladin.co.kr/product/28203/8/cover150/898392845x_1.jpg','영화 〈해리 포터〉와 〈신비한 동물사전〉 시리즈에서 비주얼 그래픽을 담당했던 스튜디오 ‘미나리마(MinaLima)’가 직접 디자인한 해리 포터 미나리마 에디션 시리즈. J.K. 롤링이 만들어 낸 마법 세계를 더욱 돋보여 줄 컬러 삽화와 기발한 종이 공예로 가득하다.');
Insert into BOOK_INFO (ISBN13,TITLE,AUTHOR,PUBLISHER,PUBDATE,ITEM_PAGE,CATEGORY_NAME,COVER,DESCRIPTION) values ('9791189352424','투자의 본질 (양장 리커버 한정판) - 동학개미의 스승 박세익 전무가 말하는 현명한 투자 행복한 투자','박세익 (지은이)','위너스북',to_date('22/01/10','RR/MM/DD'),324,'국내도서>경제경영>재테크/투자>주식/펀드','https://image.aladin.co.kr/product/28732/39/cover150/k812836675_1.jpg','박세익 전무가 개인투자자들을 위해 27년간 치열한 전투를 치르며 쌓아온 소중한 노하우를 책 한 권에 모두 담았다. 이 책에서는 주식투자의 기본과 원칙, 철학뿐만 아니라 시장 조정 가능성과 그 이유, 그리고 적절한 대응 전략을 내보이며, 투자자들이 시장을 바라보는 정확한 관점과 이정표를 제시하여 어떤 시장에서도 이길 수 있는 투자 전략을 알려준다.');
Insert into BOOK_INFO (ISBN13,TITLE,AUTHOR,PUBLISHER,PUBDATE,ITEM_PAGE,CATEGORY_NAME,COVER,DESCRIPTION) values ('9788998172091','감이와 담이의 보름밤 모험 - ㅁ받침편','한규호 (글), 최유진 (그림)','받침없는동화',to_date('13/11/01','RR/MM/DD'),48,'국내도서>유아>그림책>나라별 그림책>한국 그림책','https://image.aladin.co.kr/product/3237/5/cover150/8998172097_1.jpg','받침 배우는 동화 시리즈 3권. 즐거운 독서활동으로 창의성도 계발하고 자연스럽게 한글까지 마스터할 수 있는 동화 시리즈이다. 동화책으로 한글을 읽으면 읽기 독립까지 조기에 성취가 가능하다. 이 동화책에서는 ㅁ받침을 집중적으로 다루고 있다.');
Insert into BOOK_INFO (ISBN13,TITLE,AUTHOR,PUBLISHER,PUBDATE,ITEM_PAGE,CATEGORY_NAME,COVER,DESCRIPTION) values ('9788932917245','어린 왕자','앙투안 드 생텍쥐페리 (지은이), 황현산 (옮긴이)','열린책들',to_date('15/10/20','RR/MM/DD'),136,'국내도서>소설/시/희곡>프랑스소설','https://image.aladin.co.kr/product/6853/49/cover150/8932917248_2.jpg','전 세계인들의 사랑을 받은 가장 아름다운 이야기, 생텍쥐페리의 &lt;어린 왕자&gt;가 문학 평론가 황현산의 번역으로 열린책들에서 출간되었다. 황현산은 이 작품을 새롭게 번역하면서 생텍쥐페리의 진솔한 문체를 고스란히 살려 내기 위해 심혈을 기울였다.');
Insert into BOOK_INFO (ISBN13,TITLE,AUTHOR,PUBLISHER,PUBDATE,ITEM_PAGE,CATEGORY_NAME,COVER,DESCRIPTION) values ('9791129392572','어떤 계모님의 메르헨 3 (하드커버 스프링 드로잉북 + 철지 메모보드 + 아트 스티커 2종 + 편지 세트 + 후기 만화 엽서 1종 + 초판 부록 엽서 1종 세트 박스 포함 한정판)','ORKA (지은이), 냥이와향신료 (원작)','캐롯툰',to_date('22/02/25','RR/MM/DD'),292,'국내도서>만화>순정만화>틴에이지 순정','https://image.aladin.co.kr/product/28501/72/cover150/k032835626_1.jpg','찰나의 감정에 이끌려 잠시 소홀해진 대가는 처참했다. 나를 지키기 위해 휘두른 제레미의 오른손은 황족 시해 혐의를 쓰고 잘려 나갈 위기에 놓여 버렸다. 제레미를 지킬 수 있는 방법은 단 하나. 혼인 취소를 통해 제레미에게 가주권을 넘기는 것…!');
Insert into BOOK_INFO (ISBN13,TITLE,AUTHOR,PUBLISHER,PUBDATE,ITEM_PAGE,CATEGORY_NAME,COVER,DESCRIPTION) values ('9791165343729','달러구트 꿈 백화점 2 - 단골손님을 찾습니다','이미예 (지은이)','팩토리나인',to_date('21/07/27','RR/MM/DD'),308,'국내도서>소설/시/희곡>판타지/환상문학>한국판타지/환상소설','https://image.aladin.co.kr/product/27587/47/cover150/k962733015_2.jpg','어느덧 페니가 달러구트 꿈 백화점에서 일한 지도 1년이 넘었다. 꿈 산업 종사자로 인정을 받아야만 드나들 수 있는 ‘컴퍼니 구역’에도 가게 된 페니는 기쁜 마음을 감출 수 없다. 하지만 그곳에서 페니를 기다리고 있는 건, 꿈에 대한 불만을 털어놓는 사람들로 가득한 ‘민원관리국’이었다.');
Insert into BOOK_INFO (ISBN13,TITLE,AUTHOR,PUBLISHER,PUBDATE,ITEM_PAGE,CATEGORY_NAME,COVER,DESCRIPTION) values ('9791165341909','달러구트 꿈 백화점 (50만 부 기념 드림 에디션) - 주문하신 꿈은 매진입니다','이미예 (지은이)','팩토리나인',to_date('20/07/08','RR/MM/DD'),300,'국내도서>소설/시/희곡>판타지/환상문학>한국판타지/환상소설','https://image.aladin.co.kr/product/27231/79/cover150/k432732493_3.jpg','이미예 장편소설. 잠들어야만 입장할 수 있는 독특한 마을. 그곳에 들어온 잠든 손님들에게 가장 인기 있는 곳은, 온갖 꿈을 한데 모아 판매하는 ''달러구트의 꿈 백화점''이다. 긴 잠을 자는 사람들은 물론이고, 짧은 낮잠을 자는 사람들과 동물들로 매일매일 대성황을 이룬다.');
Insert into BOOK_INFO (ISBN13,TITLE,AUTHOR,PUBLISHER,PUBDATE,ITEM_PAGE,CATEGORY_NAME,COVER,DESCRIPTION) values ('9788950992460','반지의 제왕 1 - 반지 원정대','반지의 제왕 1 - 반지 원정대','arte(아르테)',to_date('21/02/23','RR/MM/DD'),708,'국내도서>소설/시/희곡>판타지/환상문학>외국판타지/환상소설','https://image.aladin.co.kr/product/26403/8/cover150/8950992469_2.jpg','모든 힘을 지배할 절대반지를 갖게 된 호빗 ‘프로도’가 악의 세력을 물리치고 절대반지를 파괴하기 위해 목숨을 건 여정을 떠나는 판타지 서사 『반지의 제왕』이 출간되었다.  2020년 새롭게 출간된 『반지의 제왕』은  국내 최초로 60주년판 전면 완역을 거쳤다.');
Insert into BOOK_INFO (ISBN13,TITLE,AUTHOR,PUBLISHER,PUBDATE,ITEM_PAGE,CATEGORY_NAME,COVER,DESCRIPTION) values ('9788931465563','마인크래프트 전투 핸드북','Mojang Studio (지은이), 이주안 (옮긴이)','영진.com(영진닷컴)',to_date('21/11/30','RR/MM/DD'),96,'국내도서>컴퓨터/모바일>PC/게임/디지털 카메라>게임','https://image.aladin.co.kr/product/28383/53/cover150/8931465564_1.jpg','마인크래프트는 여러 가지 블록으로 이루어진 자원을 이용해 멋진 건축물을 만들거나, 무기를 만들어 적과 싸우는 등 다양한 활동을 할 수 있는 게임이다. 전 세계 2억 명이 넘는 사용자와 수많은 커뮤니티를 갖고 있으며, 집중력과 창의력 등 교육적인 효과도 뛰어나다. 이 책은 마인크래프트 제작사인 모장 스튜디오의 최신 게임 업데이트가 반영된 새로운 공식 시리즈로 게임에서 필요한 여러 가지 정보와 팁들이 가득하다.');
Insert into BOOK_INFO (ISBN13,TITLE,AUTHOR,PUBLISHER,PUBDATE,ITEM_PAGE,CATEGORY_NAME,COVER,DESCRIPTION) values ('9788950971618','그리스 로마 신화 26 : 아킬레우스와 헥토르의 운명을 건 대결','박시연 (지은이), 최우빈 (그림), 김헌 (감수)','아울북',to_date('21/12/27','RR/MM/DD'),196,'국내도서>어린이>사회/역사/철학>신화/종교','https://image.aladin.co.kr/product/28555/5/cover150/8950971615_1.jpg','그리스 로마 신화의 이야기를 재미있는 만화로 풀어내고 신화 속 지식을 쉽게 구성한 책이다. 그리스 로마 신화는 서양의 문화를 이해하는 원천이고, 신과 영웅들의 다양한 모습을 통해 삶의 지혜를 배울 수 있는 인류 최고의 고전이다.');
Insert into BOOK_INFO (ISBN13,TITLE,AUTHOR,PUBLISHER,PUBDATE,ITEM_PAGE,CATEGORY_NAME,COVER,DESCRIPTION) values ('9788950997717','마법천자문 52 - 불러 모아라! 모을 모(募)','유대영 (지은이), 홍거북 (그림), 김창환 (감수)','아울북',to_date('21/12/20','RR/MM/DD'),160,'국내도서>어린이>어린이 한자>학습만화','https://image.aladin.co.kr/product/28527/35/cover150/8950997711_2.jpg','손오공의 모험 이야기를 따라가면서 쓰기보다 뜻과 소리를 먼저 읽고 그림으로 한자를 보면서 학습할 수 있도록 한 한자학습만화다. 마법의 주문으로 음과 훈을 읽기 때문에 재미있게 한자를 배울 수 있다.');
Insert into BOOK_INFO (ISBN13,TITLE,AUTHOR,PUBLISHER,PUBDATE,ITEM_PAGE,CATEGORY_NAME,COVER,DESCRIPTION) values ('9791190182591','루거 총을 든 할머니','브누아 필리퐁 (지은이), 장소미 (옮긴이)','위즈덤하우스',to_date('19/07/30','RR/MM/DD'),416,'국내도서>소설/시/희곡>액션/스릴러소설>외국 액션/스릴러소설','https://image.aladin.co.kr/product/20006/67/cover150/k562635149_1.jpg','프랑스를 충격에 빠뜨린 브누아 필리퐁의 신작 장편소설. 두 차례 전쟁을 겪고 여러 번 결혼하는 과정에서 자신을 성폭행하려던 군인과 가정폭력을 휘두르던 남편을 거침없이 죽여버린, 102세 할머니의 자백 이야기이다.');
Insert into BOOK_INFO (ISBN13,TITLE,AUTHOR,PUBLISHER,PUBDATE,ITEM_PAGE,CATEGORY_NAME,COVER,DESCRIPTION) values ('9791197182235','에린 왕자 - 전라북도','에린 왕자 - 전라북도','이팝',to_date('21/11/22','RR/MM/DD'),96,'국내도서>소설/시/희곡>프랑스소설','https://image.aladin.co.kr/product/28368/64/cover150/k612835400_1.jpg','도서출판 이팝의 지역어 프로젝트의 두번째 단행본으로 앙투안 드 생텍쥐페리의 <어린 왕자>를 전라도 방언으로 번역한 작품이다. 젊은 소리꾼의 참여로 판소리의 근간이 되는 전라방언의 맛깔스런 감성을 오디오북에 담았다.');
Insert into BOOK_INFO (ISBN13,TITLE,AUTHOR,PUBLISHER,PUBDATE,ITEM_PAGE,CATEGORY_NAME,COVER,DESCRIPTION) values ('9788949190136','어린 왕자','어린 왕자','비룡소',to_date('00/05/23','RR/MM/DD'),128,'국내도서>어린이>초등 전학년>동화/명작/고전','https://image.aladin.co.kr/product/23/49/cover150/8949190133_2.jpg','프랑스 소설가이자 시인인 생텍쥐페리의 탄생 100주년을 기념한 작품. <인간의 대지> <야간비행> 등을 쓴 비행기 조종사였던 그는 비행기를 사색과 발견의 도구로 삼았다.');
Insert into BOOK_INFO (ISBN13,TITLE,AUTHOR,PUBLISHER,PUBDATE,ITEM_PAGE,CATEGORY_NAME,COVER,DESCRIPTION) values ('9788950992521','호빗','호빗','arte(아르테)',to_date('21/02/23','RR/MM/DD'),392,'국내도서>소설/시/희곡>판타지/환상문학>외국판타지/환상소설','https://image.aladin.co.kr/product/26403/8/cover150/8950992523_2.jpg','2021년 새롭게 출간된 <호빗>은 초판 발행 당시 톨킨이 직접 그려 넣은 일러스트 13점과 두 장의 지도를 함께 넣었고, 크리스토퍼 톨킨이 편집한 50주년 기념판을 반영, 전면 개정 완역하였다. 또한 <호빗> 출간을 회고하는 크리스토퍼 톨킨의 서문을 수록하였다.');
Insert into BOOK_INFO (ISBN13,TITLE,AUTHOR,PUBLISHER,PUBDATE,ITEM_PAGE,CATEGORY_NAME,COVER,DESCRIPTION) values ('9791197578427','채사장의 지대넓얕 2 : 자본이라는 신 - 지적 대화를 위한 넓고 얕은 지식','채사장, 마케마케 (지은이), 정용환 (그림)','돌핀북',to_date('22/01/12','RR/MM/DD'),160,'국내도서>어린이>사회/역사/철학>세계사','https://image.aladin.co.kr/product/28568/80/cover150/k852835146_1.jpg','‘지대넓얕’의 핵심 주제를 스토리와 엮어낸, 국내 최초 어린이를 위한 인문교양 스토리 만화다. 2권은 본격적인 자본주의의 시작으로, 제국주의 시대, 제1차 세계대전 등 교과서에서 배우는 역사 지식과 더불어, 거기서 알려주지 않은 경제 지식의 핵심을 짚어준다.');
Insert into BOOK_INFO (ISBN13,TITLE,AUTHOR,PUBLISHER,PUBDATE,ITEM_PAGE,CATEGORY_NAME,COVER,DESCRIPTION) values ('9791197706110','리딩지저스 1 : 더 큰 은혜로 인도하시는 하나님 - 그리스도 중심으로 성경 읽기','이안 M. 더귀드, 조나단 깁슨 (지은이)','웨스트민스터프레스코리아',to_date('21/12/15','RR/MM/DD'),264,'국내도서>종교/역학>기독교(개신교)>기독교(개신교) 교회>성경공부교재>청장년','https://image.aladin.co.kr/product/28511/63/cover150/k912835831_1.jpg','《리딩지저스》 시리즈는 성경을 그리스도 중심으로 읽도록 안내한다. 그렇게 함으로써 자신이 좋아하는 성경 본문만 골라 읽는 습관을 방지하고, 생각의 변화만이 아니라 삶의 변화가 일어나도록 이끈다.');
Insert into BOOK_INFO (ISBN13,TITLE,AUTHOR,PUBLISHER,PUBDATE,ITEM_PAGE,CATEGORY_NAME,COVER,DESCRIPTION) values ('9791197627507','투자는 디테일에 있다 - 슈퍼개미 김정환의 투자 바이블','투자는 디테일에 있다 - 슈퍼개미 김정환의 투자 바이블','부케이',to_date('21/12/10','RR/MM/DD'),424,'국내도서>경제경영>재테크/투자>주식/펀드','https://image.aladin.co.kr/product/28375/3/cover150/k782835506_2.jpg','한국 주식시장에서 타의 추종을 불허하며 ‘트렌디한 가치투자자’라는 독보적인 스타일을 개척한, 한국인들이 가장 사랑하는 주식 멘토 슈퍼개미 김정환의 실전 투자론 책이 드디어 출간됐다. 25년간 주식시장의 숱한 파도에도 무너지지 않고 무던히 큰 부를 쌓아 온 그는 이번 책을 통해 그간 어디에서도 공개한 적 없던 시장 보는 법과 실제 투자 사례를 구체적으로 밝힌다.');
Insert into BOOK_INFO (ISBN13,TITLE,AUTHOR,PUBLISHER,PUBDATE,ITEM_PAGE,CATEGORY_NAME,COVER,DESCRIPTION) values ('9788939538023','신데렐라','신데렐라','꿈꾸는달팽이(꿈달)',to_date('14/11/01','RR/MM/DD'),120,'국내도서>유아>그림책>유아 캐릭터 그림책','https://image.aladin.co.kr/product/4806/53/cover150/8939538021_1.jpg','디즈니 프린세스 오리지널 스토리 시리즈. 명작 동화를 토대로 한 흥미진진한 이야기를 디즈니의 이미지와 함께 구성했다. 디즈니의 가장 최근 애니메이션 장면을 토대로, 월트 디즈니 스토리북 아트 팀에서 새롭게 제작한 이미지를 사용했다.');
Insert into BOOK_INFO (ISBN13,TITLE,AUTHOR,PUBLISHER,PUBDATE,ITEM_PAGE,CATEGORY_NAME,COVER,DESCRIPTION) values ('9788991239685','백설공주에게 죽음을','넬레 노이하우스 (지은이), 김진아 (옮긴이)','북로드',to_date('11/02/11','RR/MM/DD'),524,'국내도서>소설/시/희곡>추리/미스터리소설>기타국가 추리/미스터리소설','https://image.aladin.co.kr/product/873/84/cover150/8991239684_2.jpg','2010년 독일 아마존이 선정한 최고의 베스트셀러 중 하나이자 시리즈 전체가 6개월 이상 판매 순위 50위 안에 머무르며 주목을 받은 넬레 노이하우스의 ''타우누스'' 시리즈. 작가 자신이 사는 독일의 작은 마을 타우누스를 배경으로, 냉철한 카리스마 수사반장 보덴슈타인과 남다른 직감과 감성으로 곧장 사건의 핵심을 파고드는 당찬 여형사 피아 콤비가 등장하는 타우누스 시리즈 네번째 작품이다.');
Insert into BOOK_INFO (ISBN13,TITLE,AUTHOR,PUBLISHER,PUBDATE,ITEM_PAGE,CATEGORY_NAME,COVER,DESCRIPTION) values ('9788932903507','개미 1 (양장) - 제1부 개미','베르나르 베르베르 (지은이), 이세욱 (옮긴이)','열린책들',to_date('01/01/30','RR/MM/DD'),462,'국내도서&gt;소설/시/희곡&gt;프랑스소설','https://image.aladin.co.kr/product/26/54/cover150/8932903506_3.jpg','프랑스 인기작가 베르나르 베르베르의 출세작. 한 마리의 개미, 혹은 하나의 개미 도시가 태어나서 성장하고 멸망해 가는 과정을 치밀하고 생동감 있게 그려 나간 과학소설, 혹은 철학소설이다. 인간과 매우 다른 종에 대한 체계적인 관찰과 묘사는 `개미 신드롬`이랄만큼 인기를 끌며 놀라움을 주었다.');
Insert into BOOK_INFO (ISBN13,TITLE,AUTHOR,PUBLISHER,PUBDATE,ITEM_PAGE,CATEGORY_NAME,COVER,DESCRIPTION) values ('9788991239739','너무 친한 친구들','넬레 노이하우스 (지은이), 김진아 (옮긴이)','북로드',to_date('11/06/20','RR/MM/DD'),416,'국내도서>소설/시/희곡>추리/미스터리소설>기타국가 추리/미스터리소설','https://image.aladin.co.kr/product/1191/37/cover150/8991239730_2.jpg','<백설공주에게 죽음을>의 작가 넬레 노이하우스의 장편소설. 2007년 크리스마스 시즌 당시, 자비출판임에도 ''해리포터 시리즈'' 보다 더 많이 판매된 작품으로도 유명한 이 책은 독일 작은 마을 타우누스를 배경으로 한 ''타우누스 시리즈'' 중 두 번째 작품이다. 도로 확장 계획을 반대하던 환경운동가의 죽음과 그 이면에 자리한 인간 욕망의 심연을 그린다.');
Insert into BOOK_INFO (ISBN13,TITLE,AUTHOR,PUBLISHER,PUBDATE,ITEM_PAGE,CATEGORY_NAME,COVER,DESCRIPTION) values ('9788950976859','마법천자문 1 개정판 - 불어라! 바람 풍(風)','스튜디오 시리얼 (지은이), 김창환 (감수)','아울북',to_date('19/01/10','RR/MM/DD'),172,'국내도서>어린이>어린이 한자>학습만화','https://image.aladin.co.kr/product/17845/81/cover150/8950976854_1.jpg','손오공의 모험 이야기를 따라가면서 쓰기보다 뜻과 소리를 먼저 읽고 그림으로 한자를 보면서 학습할 수 있도록 한 한자학습만화이다. 이번 개정판은 눈으로 한자를 읽고 입으로 뜻과 음을 외는 것에 그치지 않고 직접 손으로 쓰는 기능까지 추가했다.');
Insert into BOOK_INFO (ISBN13,TITLE,AUTHOR,PUBLISHER,PUBDATE,ITEM_PAGE,CATEGORY_NAME,COVER,DESCRIPTION) values ('9788936427337','여름 언덕에서 배운 것 (알라딘 리커버 한정판)','안희연 (지은이)','창비',to_date('20/07/24','RR/MM/DD'),152,'국내도서>소설/시/희곡>시>한국시','https://image.aladin.co.kr/product/27644/68/cover150/8936427334_1.jpg','창비시선 446권. 2012년 ''창비신인시인상''으로 등단한 이후 활발한 작품활동을 펼쳐온 안희연 시인의 세번째 시집. ''2020 오늘의 시'' 수상작 ''스페어''를 비롯하여 57편의 시를 3부로 나누어 실었다.');
Insert into BOOK_INFO (ISBN13,TITLE,AUTHOR,PUBLISHER,PUBDATE,ITEM_PAGE,CATEGORY_NAME,COVER,DESCRIPTION) values ('9791158510619','타이탄의 도구들 (알라딘 단독 리커버) - 최고의 자리에 오른 사람들의 61가지 성공 비밀','팀 페리스 (지은이), 박선령, 정지현 (옮긴이)','토네이도',to_date('21/07/05','RR/MM/DD'),368,'국내도서>자기계발>성공>성공학','https://image.aladin.co.kr/product/27464/68/cover150/k232733287_1.jpg','2017년 출간 즉시 아마존과 &lt;뉴욕 타임스&gt; 베스트셀러 차트 1위를 동시에 석권하며, 국내 독자들에게도 큰 사랑을 받은 《타이탄의 도구들》이 3년 연속 최고의 베스트셀러를 기념한 리커버 에디션으로 다시 우리를 찾아왔다.');
Insert into BOOK_INFO (ISBN13,TITLE,AUTHOR,PUBLISHER,PUBDATE,ITEM_PAGE,CATEGORY_NAME,COVER,DESCRIPTION) values ('9791160407532','당신이 몰랐던 K - ‘진짜 선진국’ 대한민국을 위한 박노자의 불편한 제안','박노자 (지은이)','한겨레출판',to_date('22/01/07','RR/MM/DD'),240,'국내도서>사회과학>비평/칼럼>한국사회비평/칼럼','https://image.aladin.co.kr/product/28640/69/cover150/k082835658_1.jpg','경계인의 시선으로 한국의 모순과 부조리를 날카롭게 해부해온 박노자는 이 책에서 우리가 잘 모르거나 알면서도 외면했던 K의 불편한 진실을 직시한다.');
Insert into BOOK_INFO (ISBN13,TITLE,AUTHOR,PUBLISHER,PUBDATE,ITEM_PAGE,CATEGORY_NAME,COVER,DESCRIPTION) values ('9788931465570','마인크래프트 크리에이티브 핸드북','마인크래프트 크리에이티브 핸드북','영진.com(영진닷컴)',to_date('21/11/30','RR/MM/DD'),96,'국내도서>컴퓨터/모바일>PC/게임/디지털 카메라>게임','https://image.aladin.co.kr/product/28383/56/cover150/8931465572_1.jpg','마인크래프트 공식 가이드북 시리즈. 건축 기술과 창의력을 한 단계 끌어올려 줄 다양한 정보와 조언이 담겨 있다. 첫 번째 장에서는 크리에이티브 모드가 무엇이고 창의적인 건축을 위한 핵심 요소에는 어떤 것이 있는지 알아본다.');
Insert into BOOK_INFO (ISBN13,TITLE,AUTHOR,PUBLISHER,PUBDATE,ITEM_PAGE,CATEGORY_NAME,COVER,DESCRIPTION) values ('9791164385089','코믹 메이플 스토리 수학도둑 86','송도수 (지은이), 서정 엔터테인먼트 (그림), 여운방 (감수)','서울문화사',to_date('22/01/20','RR/MM/DD'),168,'국내도서>어린이>과학/수학/컴퓨터>초등 수학','https://image.aladin.co.kr/product/28687/9/cover150/k512836368_1.jpg','사고력과 이해력을 향상시켜 주는 국내 최초 수학논술만화. 수학적 계산을 이용하여 위기를 탈출하고, 사건을 해결하는 이야기를 통해 수학에 흥미를 느끼고 논리적인 깨달음을 얻을 수 있는 흥미진진한 수학만화이다.');
Insert into BOOK_INFO (ISBN13,TITLE,AUTHOR,PUBLISHER,PUBDATE,ITEM_PAGE,CATEGORY_NAME,COVER,DESCRIPTION) values ('9788937833229','모킹제이','수잔 콜린스 (지은이), 이원열 (옮긴이)','북폴리오',to_date('11/04/01','RR/MM/DD'),408,'국내도서>소설/시/희곡>판타지/환상문학>외국판타지/환상소설','https://image.aladin.co.kr/product/1126/3/cover150/8937833220_3.jpg','수잔 콜린스의 ''헝거 게임'' 3부작 그 대망의 완결편. <모킹제이>에서 혁명군은 마침내 캐피톨과 최후의 결전을 벌이게 된다. 캣니스는 혁명의 상징이자 난민들의 희망의 표상이 되는 영광을 누리지만, 그 이상으로 많은 것을 희생해야만 한다. 피타, 게일, 헤이미치, 프림 등 우리가 사랑해 온 다른 주인공들의 운명 또한 한 치 앞을 내다볼 수 없다.');
Insert into BOOK_INFO (ISBN13,TITLE,AUTHOR,PUBLISHER,PUBDATE,ITEM_PAGE,CATEGORY_NAME,COVER,DESCRIPTION) values ('9788949152516','과학탐험대 신기한 스쿨버스 1 - 으악, 병균이 너무 싫어!','조애너 콜 (지은이), 브루스 디건 (그림), 이한음 (옮긴이)','비룡소',to_date('17/06/01','RR/MM/DD'),68,'국내도서>어린이>과학/수학/컴퓨터>생물과 생명','https://image.aladin.co.kr/product/11057/78/cover150/8949152517_1.jpg','1990년대 출간 이래, 전 세계 8500만, 국내 1천만 부가 팔린 과학 그림책 시리즈 ''신기한 스쿨버스''를 뒤이은 과학 동화 시리즈로, 인체, 땅속, 바닷속 등 어디든 달려가는 신기한 스쿨버스 이야기로 과학을 유쾌하게 알려 준다.');
Insert into BOOK_INFO (ISBN13,TITLE,AUTHOR,PUBLISHER,PUBDATE,ITEM_PAGE,CATEGORY_NAME,COVER,DESCRIPTION) values ('9788983927620','해리 포터와 마법사의 돌 1 (무선)','J.K. 롤링 (지은이), 강동혁 (옮긴이)','문학수첩',to_date('19/11/19','RR/MM/DD'),268,'국내도서>소설/시/희곡>판타지/환상문학>외국판타지/환상소설','https://image.aladin.co.kr/product/21573/93/cover150/8983927623_2.jpg','흥미진진하고 흡인력 있으며 매력적인 독특한 이야기로 책이 출간될 때마다 무단 결석으로 몸살을 앓는 학교, 어른들까지 밤잠을 설치게 하는 해리 포터 시리즈는 27개국 언어로 번역되어 미국 8백만 부, 영국 2백80만 부, 독일 70만부 등 1백 30개국에서 1천만 부 이상 팔려나는 ''해리 포터'' 선풍을 일으키고 있다.');
Insert into BOOK_INFO (ISBN13,TITLE,AUTHOR,PUBLISHER,PUBDATE,ITEM_PAGE,CATEGORY_NAME,COVER,DESCRIPTION) values ('9788936433895','몽실 언니 - 권정생 소년소설, 개정판','몽실 언니 - 권정생 소년소설, 개정판','창비',to_date('12/04/25','RR/MM/DD'),300,'국내도서>어린이>동화/명작/고전>국내창작동화','https://image.aladin.co.kr/product/1634/54/cover150/893643389x_2.jpg','동화 작가 권정생이 1984년 발표한 <몽실 언니>의 개정 4판. 해방과 한국전쟁, 극심한 이념 대립 등 우리 현대사의 굴곡을 온몸으로 겪은 작은 어린이의 사실적인 기록이면서, 처참한 가난 속에서도 인간다움을 잃지 않고 이웃과 세상을 감싸 안은 한 인간의 위대한 성장기다. 2012년 출간 100만 부를 돌파하며 나온 개정 4판은 판화가 이철수의 신작 목판화로 작품의 감동을 새롭게 전한다.');
Insert into BOOK_INFO (ISBN13,TITLE,AUTHOR,PUBLISHER,PUBDATE,ITEM_PAGE,CATEGORY_NAME,COVER,DESCRIPTION) values ('9788982734014','셜록 홈즈 전집 1 (양장) - 주홍색 연구','셜록 홈즈 전집 1 (양장) - 주홍색 연구','황금가지',to_date('02/02/05','RR/MM/DD'),212,'국내도서>소설/시/희곡>추리/미스터리소설>영미 추리/미스터리소설','https://image.aladin.co.kr/product/32/99/cover150/8982734015_2.jpg','뭐든 분석하고 추리할 때만이 살아있음을 느끼는 그에게는 사건 하나 하나가 생의 기쁨이자, 희열이다. 그에게 찾아온 첫번째 사건은 의문의 살인사건. 홈즈의 등장을 알리는 첫번째 책인 만큼 와트슨 박사와의 만남도 빼놓을 수 없는 줄거리다.');
Insert into BOOK_INFO (ISBN13,TITLE,AUTHOR,PUBLISHER,PUBDATE,ITEM_PAGE,CATEGORY_NAME,COVER,DESCRIPTION) values ('9791196119584','개미대학 세력의 매집원가 구하기 - 주식초보도 알아낼 수 있는 주식투자의 세력들','개미대학 세력의 매집원가 구하기 - 주식초보도 알아낼 수 있는 주식투자의 세력들','오베이북스',to_date('17/08/11','RR/MM/DD'),396,'국내도서>경제경영>재테크/투자>주식/펀드','https://image.aladin.co.kr/product/11607/59/cover150/k702531914_1.jpg','<개미대학 세력의 매집원가 구하기>의 개정판이다. 캔들과 거래량에 대해 완벽히 이해하고 그 속에 숨어있는 세력의 작업 그리고 투자자들의 심리까지 알 수 있도록 자세히 설명했다. 장황한 기법의 나열이 아닌 필살기만 소개하며, 상승하거나 혹은 상승을 준비 중인 종목을 구별해 낼 줄 아는 능력을 키울 수 있는 방법도 안내한다.');
Insert into BOOK_INFO (ISBN13,TITLE,AUTHOR,PUBLISHER,PUBDATE,ITEM_PAGE,CATEGORY_NAME,COVER,DESCRIPTION) values ('9788987721095','우리들의 일그러진 영웅','우리들의 일그러진 영웅','다림',to_date('98/12/24','RR/MM/DD'),158,'국내도서>어린이>동화/명작/고전>국내창작동화','https://image.aladin.co.kr/product/10/99/cover150/8987721094_2.jpg','요즘처럼 왕따가 심한 때에 당하는 아이의 심리와 가하는 아이들의 모습들이 잘 나타나 있다. 불의에 대해 저항도 해보지만 담임 선생님의 무관심에 그 힘은 꺽이고 만다. 당하는 아이의 처절한 굴종과 패배감이 어른이 되어서 어떤 인격체로 자라는가가 마음에 다가온다.');
Insert into BOOK_INFO (ISBN13,TITLE,AUTHOR,PUBLISHER,PUBDATE,ITEM_PAGE,CATEGORY_NAME,COVER,DESCRIPTION) values ('9788972756194','나미야 잡화점의 기적','나미야 잡화점의 기적','현대문학',to_date('12/12/19','RR/MM/DD'),456,'국내도서>소설/시/희곡>일본소설>1950년대 이후 일본소설','https://image.aladin.co.kr/product/2175/33/cover150/s842635620_1.jpg','히가시노 게이고 소설. 총 5장으로 구성된 <나미야 잡화점의 기적>은 시공간을 초월하여 편지를 주고받는다는 설정 때문에 판타지 색채가 두드러져 보일 수 있지만 이는 각각의 이야기와 등장인물을 하나의 연결 고리로 모으는 주요 장치로 작용한다.');
Insert into BOOK_INFO (ISBN13,TITLE,AUTHOR,PUBLISHER,PUBDATE,ITEM_PAGE,CATEGORY_NAME,COVER,DESCRIPTION) values ('9791160341256','빨간 망토 소녀를 찾아서','빨간 망토 소녀를 찾아서','머스트비',to_date('20/10/20','RR/MM/DD'),36,'국내도서>어린이>초등1~2학년>그림책','https://image.aladin.co.kr/product/25377/11/cover150/k892633812_1.jpg','우리가 사랑하는 동화 속 인물들을 찾으면서 멋진 여행과 모험을 경험할 수 있는 책이다. 이야기 속에는 50여 명에 이르는 동화 속 인물들과 그들이 등장하는 동화 세계가 펼쳐진다. 책을 읽으며 숨어 있는 동화 속 주인공을 찾아보는 재미를 주는 빅북이다.');
Insert into BOOK_INFO (ISBN13,TITLE,AUTHOR,PUBLISHER,PUBDATE,ITEM_PAGE,CATEGORY_NAME,COVER,DESCRIPTION) values ('9788949140919','소공녀','소공녀','비룡소',to_date('06/07/07','RR/MM/DD'),376,'국내도서>어린이>동화/명작/고전>세계명작','https://image.aladin.co.kr/product/67/33/cover150/8949140918_2.jpg','완역판 <소공녀>에서는 영리하고 마음씨 착한 소녀인 사라의 모습뿐 아니라 자신만의 방법으로 고난을 이겨 내는 사라의 심리를 한층 가까이 접할 수 있다. 화려한 색깔과 독특한 아이콘으로 표현한 러시아 화가 미하일 페도로프의 그림이 책 읽는 재미를 더한다.');
REM INSERTING into BOOK_REVIEW
SET DEFINE OFF;
Insert into BOOK_REVIEW (REVIEW_NO,ISBN13,CONTENT,RATING,WRITER,REG_DATE,DELETE_YN) values (7,'9788950971618','5점 드립니다.',5,'honggd',to_date('22/02/14','RR/MM/DD'),'Y');
Insert into BOOK_REVIEW (REVIEW_NO,ISBN13,CONTENT,RATING,WRITER,REG_DATE,DELETE_YN) values (14,'9791161571188','달러구트 꿈 백화점 이후로 정말 오랜만에 가슴이 찡해지는 소설책을 읽었어요!!',5,'honggd',to_date('22/02/15','RR/MM/DD'),'N');
Insert into BOOK_REVIEW (REVIEW_NO,ISBN13,CONTENT,RATING,WRITER,REG_DATE,DELETE_YN) values (15,'9788983927620','시간이 흘러도 명작이란........^^',5,'qktnn78',to_date('22/02/16','RR/MM/DD'),'N');
Insert into BOOK_REVIEW (REVIEW_NO,ISBN13,CONTENT,RATING,WRITER,REG_DATE,DELETE_YN) values (1,'9788950971618','추억의 책인데 작화가 좀 아쉽긴하지만 재밌어요!',4,'sinsa',to_date('22/02/14','RR/MM/DD'),'Y');
Insert into BOOK_REVIEW (REVIEW_NO,ISBN13,CONTENT,RATING,WRITER,REG_DATE,DELETE_YN) values (2,'9788950971618','내용 그냥 그래요...',3,'kasyv97',to_date('22/02/14','RR/MM/DD'),'N');
Insert into BOOK_REVIEW (REVIEW_NO,ISBN13,CONTENT,RATING,WRITER,REG_DATE,DELETE_YN) values (3,'9788950971618','재밌어요',5,'cwfgw04',to_date('22/02/14','RR/MM/DD'),'N');
Insert into BOOK_REVIEW (REVIEW_NO,ISBN13,CONTENT,RATING,WRITER,REG_DATE,DELETE_YN) values (4,'9788950971618','하하 쓰레기',1,'xsfrs85',to_date('22/02/14','RR/MM/DD'),'N');
Insert into BOOK_REVIEW (REVIEW_NO,ISBN13,CONTENT,RATING,WRITER,REG_DATE,DELETE_YN) values (5,'9788950971618','굳굳',4,'ftnru94',to_date('22/02/14','RR/MM/DD'),'N');
Insert into BOOK_REVIEW (REVIEW_NO,ISBN13,CONTENT,RATING,WRITER,REG_DATE,DELETE_YN) values (6,'9788950971618','잼써욧',4,'vqmvs44',to_date('22/02/14','RR/MM/DD'),'N');
Insert into BOOK_REVIEW (REVIEW_NO,ISBN13,CONTENT,RATING,WRITER,REG_DATE,DELETE_YN) values (16,'9791161571188','와 밤새 한번만에 읽어버렸어요~ 쌍둥이 아빠 초콜릿 이야기에서는 눈물펑펑 흘렸네요ㅜㅜ 작가님이 마음이 따뜻하신 분 같아요. 이전작 망원동브라더스도 한 번 읽어보려고 합니다.',5,'qktnn78',to_date('22/02/16','RR/MM/DD'),'N');
Insert into BOOK_REVIEW (REVIEW_NO,ISBN13,CONTENT,RATING,WRITER,REG_DATE,DELETE_YN) values (11,'9791190182591','킬링타임으로 읽기 좋은 책',4,'honggd',to_date('22/02/15','RR/MM/DD'),'N');
Insert into BOOK_REVIEW (REVIEW_NO,ISBN13,CONTENT,RATING,WRITER,REG_DATE,DELETE_YN) values (12,'9788932917245','이 편지는 영국에서 최초로 시작되어 일년에 한바퀴를 돌면서 받는 사람에게 행운을 주었고 어쩌구 저쩌구...',5,'honggd',to_date('22/02/15','RR/MM/DD'),'Y');
Insert into BOOK_REVIEW (REVIEW_NO,ISBN13,CONTENT,RATING,WRITER,REG_DATE,DELETE_YN) values (17,'9791165343729','1편을 너무 재미있게 봐서 기대를 가득안고 샀는데..... 좀더 늦게 출시하셨더라도 기대에 부응할수있는 책을 내셨더라면 좋았을것같습니다.',2,'qktnn78',to_date('22/02/16','RR/MM/DD'),'N');
Insert into BOOK_REVIEW (REVIEW_NO,ISBN13,CONTENT,RATING,WRITER,REG_DATE,DELETE_YN) values (18,'9791165341909','특유의 동화같고, 몽글몽글한 분위기도 너무너무 행복하게 다가왔네요.',5,'qktnn78',to_date('22/02/16','RR/MM/DD'),'N');
Insert into BOOK_REVIEW (REVIEW_NO,ISBN13,CONTENT,RATING,WRITER,REG_DATE,DELETE_YN) values (20,'9788950971618','d',5,'honggd',to_date('22/02/16','RR/MM/DD'),'Y');
Insert into BOOK_REVIEW (REVIEW_NO,ISBN13,CONTENT,RATING,WRITER,REG_DATE,DELETE_YN) values (21,'9788950971618','ㅇ',5,'honggd',to_date('22/02/16','RR/MM/DD'),'Y');
Insert into BOOK_REVIEW (REVIEW_NO,ISBN13,CONTENT,RATING,WRITER,REG_DATE,DELETE_YN) values (19,'9788936433895','처음 읽었는데 너무 재밌어요~~!추천!',5,'eadxx60',to_date('22/02/16','RR/MM/DD'),'N');
Insert into BOOK_REVIEW (REVIEW_NO,ISBN13,CONTENT,RATING,WRITER,REG_DATE,DELETE_YN) values (24,'9791161571188','이 책은 편의점이라는 배경을 통해 여러 사람들의 생활을 이야기하고 있다.
평범한 사람들의 이야기를 읽으면서 공감되는 내용들이 있어서 좋았다.',4,'qwerty',to_date('22/02/16','RR/MM/DD'),'N');
Insert into BOOK_REVIEW (REVIEW_NO,ISBN13,CONTENT,RATING,WRITER,REG_DATE,DELETE_YN) values (26,'9791161571188','받자마자 술술술 책장이 넘어가는 책이었어요. 오랜만에 대여가 아닌 구매한 책이네요^^',5,'sinsa',to_date('22/02/16','RR/MM/DD'),'N');
Insert into BOOK_REVIEW (REVIEW_NO,ISBN13,CONTENT,RATING,WRITER,REG_DATE,DELETE_YN) values (23,'9788950971618','추억의 책인데 작화가 좀 아쉽긴하지만 재밌어요!',4,'sinsa',to_date('22/02/16','RR/MM/DD'),'N');
Insert into BOOK_REVIEW (REVIEW_NO,ISBN13,CONTENT,RATING,WRITER,REG_DATE,DELETE_YN) values (10,'9788950971618','넘 재밌었어요~',5,'xuulw79',to_date('22/02/14','RR/MM/DD'),'N');
Insert into BOOK_REVIEW (REVIEW_NO,ISBN13,CONTENT,RATING,WRITER,REG_DATE,DELETE_YN) values (13,'9788932917245','이 편지는 영국에서 시작되고 어쩌구 저쩌구...',5,'honggd',to_date('22/02/15','RR/MM/DD'),'N');
Insert into BOOK_REVIEW (REVIEW_NO,ISBN13,CONTENT,RATING,WRITER,REG_DATE,DELETE_YN) values (22,'9788950971618','추억의 책인데 작화가 좀 아쉽긴하지만 재밌어요!',4,'sinsa',to_date('22/02/16','RR/MM/DD'),'Y');
Insert into BOOK_REVIEW (REVIEW_NO,ISBN13,CONTENT,RATING,WRITER,REG_DATE,DELETE_YN) values (25,'9791161571188','워낙 팍팍하고 각박하고
복잡하고 바쁜 세상에 이렇게 훈훈하고

따뜻한 소설 간만에 잘 읽었어요

김호연 작가님 감사합니다^^',5,'abcde',to_date('22/02/16','RR/MM/DD'),'N');
Insert into BOOK_REVIEW (REVIEW_NO,ISBN13,CONTENT,RATING,WRITER,REG_DATE,DELETE_YN) values (27,'9791161571188','남자분이 작가인데 굉장히 섬세하네요.맛있고 건강한 음식 먹은기분이에요 너무 좋았습니다.',5,'owjwi77',to_date('22/02/16','RR/MM/DD'),'N');
Insert into BOOK_REVIEW (REVIEW_NO,ISBN13,CONTENT,RATING,WRITER,REG_DATE,DELETE_YN) values (28,'9791161571188','여보 아직도 안 읽으면 어떡해',5,'xsfrs85',to_date('22/02/16','RR/MM/DD'),'N');
REM INSERTING into BOOKING
SET DEFINE OFF;
Insert into BOOKING (BOARD_NO,CONTENT,BOOK_STATUS,PRICE,DEPOSIT,WRITER,DELETE_YN,ISBN13,REG_DATE) values (12,'개미 시리즈입니다~','하',400,1000,'sinsa','N','9788932903521',to_date('22/02/11','RR/MM/DD'));
Insert into BOOKING (BOARD_NO,CONTENT,BOOK_STATUS,PRICE,DEPOSIT,WRITER,DELETE_YN,ISBN13,REG_DATE) values (13,'개미 4권입니다','최상',600,3000,'sinsa','N','9788932903538',to_date('22/02/11','RR/MM/DD'));
Insert into BOOKING (BOARD_NO,CONTENT,BOOK_STATUS,PRICE,DEPOSIT,WRITER,DELETE_YN,ISBN13,REG_DATE) values (14,'개미 시리즈5 입니다~~~','상',300,3000,'sinsa','N','9788932903545',to_date('22/02/11','RR/MM/DD'));
Insert into BOOKING (BOARD_NO,CONTENT,BOOK_STATUS,PRICE,DEPOSIT,WRITER,DELETE_YN,ISBN13,REG_DATE) values (15,'존버는 승리합니다 영차영차','최상',500,3000,'sinsa','N','9791197001932',to_date('22/02/11','RR/MM/DD'));
Insert into BOOKING (BOARD_NO,CONTENT,BOOK_STATUS,PRICE,DEPOSIT,WRITER,DELETE_YN,ISBN13,REG_DATE) values (16,'개미 열풍이네요','하',500,5000,'honggd','N','9788932903507',to_date('22/02/11','RR/MM/DD'));
Insert into BOOKING (BOARD_NO,CONTENT,BOOK_STATUS,PRICE,DEPOSIT,WRITER,DELETE_YN,ISBN13,REG_DATE) values (39,'스타 빌려드립니다','상',200,10000,'sinsa','Y','9788959522200',to_date('22/02/14','RR/MM/DD'));
Insert into BOOKING (BOARD_NO,CONTENT,BOOK_STATUS,PRICE,DEPOSIT,WRITER,DELETE_YN,ISBN13,REG_DATE) values (50,'고정욱 삼국지 2권이에요 고우영 아님','최상',100,3200,'sinsa','N','9791190147798',to_date('22/02/16','RR/MM/DD'));
Insert into BOOKING (BOARD_NO,CONTENT,BOOK_STATUS,PRICE,DEPOSIT,WRITER,DELETE_YN,ISBN13,REG_DATE) values (52,'홍길동전이에요','최상',300,2022,'sinsa','N','9788936449032',to_date('22/02/16','RR/MM/DD'));
Insert into BOOKING (BOARD_NO,CONTENT,BOOK_STATUS,PRICE,DEPOSIT,WRITER,DELETE_YN,ISBN13,REG_DATE) values (56,'새 책입니다~','최상',1000,15000,'xuulw79','N','9788958073345',to_date('22/02/16','RR/MM/DD'));
Insert into BOOKING (BOARD_NO,CONTENT,BOOK_STATUS,PRICE,DEPOSIT,WRITER,DELETE_YN,ISBN13,REG_DATE) values (57,'아이들이 보기 좋습니다!','중',1000,3000,'xuulw79','N','9788939538023',to_date('22/02/16','RR/MM/DD'));
Insert into BOOKING (BOARD_NO,CONTENT,BOOK_STATUS,PRICE,DEPOSIT,WRITER,DELETE_YN,ISBN13,REG_DATE) values (58,'아이들 보기 좋아요~','상',200,3000,'xuulw79','N','9791160341256',to_date('22/02/16','RR/MM/DD'));
Insert into BOOKING (BOARD_NO,CONTENT,BOOK_STATUS,PRICE,DEPOSIT,WRITER,DELETE_YN,ISBN13,REG_DATE) values (59,'어린이 도서 입니다','중',1000,5000,'xuulw79','Y','9788949140919',to_date('22/02/16','RR/MM/DD'));
Insert into BOOKING (BOARD_NO,CONTENT,BOOK_STATUS,PRICE,DEPOSIT,WRITER,DELETE_YN,ISBN13,REG_DATE) values (60,'게임하면서 참고하기 좋아요~','상',1000,10000,'xuulw79','N','9788931465563',to_date('22/02/16','RR/MM/DD'));
Insert into BOOKING (BOARD_NO,CONTENT,BOOK_STATUS,PRICE,DEPOSIT,WRITER,DELETE_YN,ISBN13,REG_DATE) values (61,'전투책이랑 별개로 있습니다~','상',300,5000,'iksgo22','N','9788931465570',to_date('22/02/16','RR/MM/DD'));
Insert into BOOKING (BOARD_NO,CONTENT,BOOK_STATUS,PRICE,DEPOSIT,WRITER,DELETE_YN,ISBN13,REG_DATE) values (62,'새 책입니다~','상',500,4000,'xuulw79','N','9788972756194',to_date('22/02/16','RR/MM/DD'));
Insert into BOOKING (BOARD_NO,CONTENT,BOOK_STATUS,PRICE,DEPOSIT,WRITER,DELETE_YN,ISBN13,REG_DATE) values (2,'테스트 내용임','중',300,2000,'sinsa','N','9788932903514',to_date('22/01/31','RR/MM/DD'));
Insert into BOOKING (BOARD_NO,CONTENT,BOOK_STATUS,PRICE,DEPOSIT,WRITER,DELETE_YN,ISBN13,REG_DATE) values (7,'테스트 데이터','상',500,2000,'sinsa','N','9788983928450',to_date('22/02/10','RR/MM/DD'));
Insert into BOOKING (BOARD_NO,CONTENT,BOOK_STATUS,PRICE,DEPOSIT,WRITER,DELETE_YN,ISBN13,REG_DATE) values (9,'추억의 책입니다~
예약주세요^^','중',300,3000,'sinsa','N','9788949152516',to_date('22/02/10','RR/MM/DD'));
Insert into BOOKING (BOARD_NO,CONTENT,BOOK_STATUS,PRICE,DEPOSIT,WRITER,DELETE_YN,ISBN13,REG_DATE) values (45,'이 책 요즘 완전 핫한거 아시져~~~
상태 최상급이에요 구겨지지도 않은 완전 새책쓰!!!!!!!!111111111
다들 많이 읽었으면 해서 대여 올려요
소중하게 봐주실 분만 예약해주세여 >,<','최상',1000,10000,'abcde','Y','9791161571188',to_date('22/02/15','RR/MM/DD'));
Insert into BOOKING (BOARD_NO,CONTENT,BOOK_STATUS,PRICE,DEPOSIT,WRITER,DELETE_YN,ISBN13,REG_DATE) values (46,'이 책 요즘 완전 핫한거 아시져~~~ 상태 최상급이에요 구겨지지도 않은 완전 새책쓰!!!!!!!!111111111 
다들 많이 읽었으면 해서 대여 올려요ㅎㅎㅎㅎㅎㅎㅎㅎㅎ
 소중하게 봐주실 분만 예약해주세여 >,<','최상',1000,10000,'qwerty','N','9791161571188',to_date('22/02/16','RR/MM/DD'));
Insert into BOOKING (BOARD_NO,CONTENT,BOOK_STATUS,PRICE,DEPOSIT,WRITER,DELETE_YN,ISBN13,REG_DATE) values (47,'신간 반지의 제왕 1권 반지원정대예요
싸게 빌려드려요','최상',100,1234,'sinsa','N','9788950992460',to_date('22/02/16','RR/MM/DD'));
Insert into BOOKING (BOARD_NO,CONTENT,BOOK_STATUS,PRICE,DEPOSIT,WRITER,DELETE_YN,ISBN13,REG_DATE) values (41,'사투리쓰는 특이한 책이예요~ 재밌습니다.','상',300,1000,'honggd','Y','9791197182235',to_date('22/02/15','RR/MM/DD'));
Insert into BOOKING (BOARD_NO,CONTENT,BOOK_STATUS,PRICE,DEPOSIT,WRITER,DELETE_YN,ISBN13,REG_DATE) values (42,'초등학교 필독 도서중 하나 입니다~ 대여해 가세요~','상',400,2000,'btgsi56','N','9788949190136',to_date('22/02/15','RR/MM/DD'));
Insert into BOOKING (BOARD_NO,CONTENT,BOOK_STATUS,PRICE,DEPOSIT,WRITER,DELETE_YN,ISBN13,REG_DATE) values (49,'호빗입니다. 반지의 제왕 프리퀄이요','상',100,3020,'sinsa','N','9788950992521',to_date('22/02/16','RR/MM/DD'));
Insert into BOOKING (BOARD_NO,CONTENT,BOOK_STATUS,PRICE,DEPOSIT,WRITER,DELETE_YN,ISBN13,REG_DATE) values (53,'개미 열풍에 저도 탑승합니다
빌려가세요~','최상',1000,10000,'buyer1234','N','9791197627507',to_date('22/02/16','RR/MM/DD'));
Insert into BOOKING (BOARD_NO,CONTENT,BOOK_STATUS,PRICE,DEPOSIT,WRITER,DELETE_YN,ISBN13,REG_DATE) values (1,'테스트 내용임','중',300,2000,'sinsa','N','9788932903507',to_date('22/01/31','RR/MM/DD'));
Insert into BOOKING (BOARD_NO,CONTENT,BOOK_STATUS,PRICE,DEPOSIT,WRITER,DELETE_YN,ISBN13,REG_DATE) values (8,'책 빌려드립니다~','상',300,2000,'sinsa','N','9788937833229',to_date('22/02/10','RR/MM/DD'));
Insert into BOOKING (BOARD_NO,CONTENT,BOOK_STATUS,PRICE,DEPOSIT,WRITER,DELETE_YN,ISBN13,REG_DATE) values (10,'예전에 사놓고 잘 안봐서 대여 해드립니다.','중',500,2000,'sinsa','N','9788991239685',to_date('22/02/11','RR/MM/DD'));
Insert into BOOKING (BOARD_NO,CONTENT,BOOK_STATUS,PRICE,DEPOSIT,WRITER,DELETE_YN,ISBN13,REG_DATE) values (11,'백설공주에게 죽음을 시리즈의 책입니다. 같이 보면 더 재밌어요','하',2000,3000,'sinsa','N','9788991239739',to_date('22/02/11','RR/MM/DD'));
Insert into BOOKING (BOARD_NO,CONTENT,BOOK_STATUS,PRICE,DEPOSIT,WRITER,DELETE_YN,ISBN13,REG_DATE) values (17,'추억의 마법천자문입니다.','최하',100,4000,'sinsa','N','9788950976859',to_date('22/02/13','RR/MM/DD'));
Insert into BOOKING (BOARD_NO,CONTENT,BOOK_STATUS,PRICE,DEPOSIT,WRITER,DELETE_YN,ISBN13,REG_DATE) values (38,'마인크래프트 공략집 빌려드려요','최상',200,5000,'sinsa','N','9788931465563',to_date('22/02/14','RR/MM/DD'));
Insert into BOOKING (BOARD_NO,CONTENT,BOOK_STATUS,PRICE,DEPOSIT,WRITER,DELETE_YN,ISBN13,REG_DATE) values (40,'해리포터 새로 출간된거예요','상',600,9800,'sinsa','Y','9788983927620',to_date('22/02/14','RR/MM/DD'));
Insert into BOOKING (BOARD_NO,CONTENT,BOOK_STATUS,PRICE,DEPOSIT,WRITER,DELETE_YN,ISBN13,REG_DATE) values (43,'상태가 좋진 않아요....
어렸을때 많이 읽은 책입니다
대여해가세요~','하',200,1000,'xuulw79','N','9788936433895',to_date('22/02/15','RR/MM/DD'));
Insert into BOOKING (BOARD_NO,CONTENT,BOOK_STATUS,PRICE,DEPOSIT,WRITER,DELETE_YN,ISBN13,REG_DATE) values (44,'제일 유명한 시리즈 중 하나 입니다 
대여해드려요','최상',1000,5000,'xuulw79','Y','9788982734014',to_date('22/02/15','RR/MM/DD'));
Insert into BOOKING (BOARD_NO,CONTENT,BOOK_STATUS,PRICE,DEPOSIT,WRITER,DELETE_YN,ISBN13,REG_DATE) values (48,'영차 영차 존버는 성공한다니까요~','상',1000,2000,'sinsa','N','9791196119584',to_date('22/02/16','RR/MM/DD'));
Insert into BOOKING (BOARD_NO,CONTENT,BOOK_STATUS,PRICE,DEPOSIT,WRITER,DELETE_YN,ISBN13,REG_DATE) values (51,'우리들의 일그러진 영웅이에요
이문열 저','최상',200,3000,'buyer1234','N','9788987721095',to_date('22/02/16','RR/MM/DD'));
Insert into BOOKING (BOARD_NO,CONTENT,BOOK_STATUS,PRICE,DEPOSIT,WRITER,DELETE_YN,ISBN13,REG_DATE) values (54,'재밌게 본 책입니다 
대여해 가세요~','상',500,5000,'xuulw79','Y','9788972756194',to_date('22/02/16','RR/MM/DD'));
Insert into BOOKING (BOARD_NO,CONTENT,BOOK_STATUS,PRICE,DEPOSIT,WRITER,DELETE_YN,ISBN13,REG_DATE) values (55,'test','상',200,1000,'xuulw79','Y','9788972756194',to_date('22/02/16','RR/MM/DD'));
Insert into BOOKING (BOARD_NO,CONTENT,BOOK_STATUS,PRICE,DEPOSIT,WRITER,DELETE_YN,ISBN13,REG_DATE) values (63,'게임할 때 보면 좋습니다~','중',400,4000,'xuulw79','Y','9788931465563',to_date('22/02/16','RR/MM/DD'));
REM INSERTING into BOOKING_RESERVATION
SET DEFINE OFF;
Insert into BOOKING_RESERVATION (RES_NO,BOARD_NO,START_DATE,END_DATE,BORROWER_ID,REG_DATE,STATUS,STATUS_DATE) values (11,12,to_date('00/01/01','RR/MM/DD'),to_date('00/01/01','RR/MM/DD'),null,to_date('22/02/14','RR/MM/DD'),null,null);
Insert into BOOKING_RESERVATION (RES_NO,BOARD_NO,START_DATE,END_DATE,BORROWER_ID,REG_DATE,STATUS,STATUS_DATE) values (12,13,to_date('00/01/01','RR/MM/DD'),to_date('00/01/01','RR/MM/DD'),null,to_date('22/02/14','RR/MM/DD'),null,null);
Insert into BOOKING_RESERVATION (RES_NO,BOARD_NO,START_DATE,END_DATE,BORROWER_ID,REG_DATE,STATUS,STATUS_DATE) values (13,14,to_date('00/01/01','RR/MM/DD'),to_date('00/01/01','RR/MM/DD'),null,to_date('22/02/14','RR/MM/DD'),null,null);
Insert into BOOKING_RESERVATION (RES_NO,BOARD_NO,START_DATE,END_DATE,BORROWER_ID,REG_DATE,STATUS,STATUS_DATE) values (14,15,to_date('00/01/01','RR/MM/DD'),to_date('00/01/01','RR/MM/DD'),null,to_date('22/02/14','RR/MM/DD'),null,null);
Insert into BOOKING_RESERVATION (RES_NO,BOARD_NO,START_DATE,END_DATE,BORROWER_ID,REG_DATE,STATUS,STATUS_DATE) values (15,16,to_date('00/01/01','RR/MM/DD'),to_date('00/01/01','RR/MM/DD'),null,to_date('22/02/14','RR/MM/DD'),null,null);
Insert into BOOKING_RESERVATION (RES_NO,BOARD_NO,START_DATE,END_DATE,BORROWER_ID,REG_DATE,STATUS,STATUS_DATE) values (32,39,to_date('00/01/01','RR/MM/DD'),to_date('00/01/01','RR/MM/DD'),null,to_date('22/02/14','RR/MM/DD'),null,null);
Insert into BOOKING_RESERVATION (RES_NO,BOARD_NO,START_DATE,END_DATE,BORROWER_ID,REG_DATE,STATUS,STATUS_DATE) values (35,15,to_date('22/02/14','RR/MM/DD'),to_date('22/02/28','RR/MM/DD'),null,to_date('22/02/14','RR/MM/DD'),'대여중',null);
Insert into BOOKING_RESERVATION (RES_NO,BOARD_NO,START_DATE,END_DATE,BORROWER_ID,REG_DATE,STATUS,STATUS_DATE) values (41,39,to_date('22/02/15','RR/MM/DD'),to_date('22/02/22','RR/MM/DD'),null,to_date('22/02/15','RR/MM/DD'),'대여중',null);
Insert into BOOKING_RESERVATION (RES_NO,BOARD_NO,START_DATE,END_DATE,BORROWER_ID,REG_DATE,STATUS,STATUS_DATE) values (62,15,to_date('22/02/15','RR/MM/DD'),to_date('22/02/15','RR/MM/DD'),null,to_date('22/02/15','RR/MM/DD'),'대여중',null);
Insert into BOOKING_RESERVATION (RES_NO,BOARD_NO,START_DATE,END_DATE,BORROWER_ID,REG_DATE,STATUS,STATUS_DATE) values (84,15,to_date('22/02/17','RR/MM/DD'),to_date('22/02/18','RR/MM/DD'),null,to_date('22/02/16','RR/MM/DD'),'대여중',null);
Insert into BOOKING_RESERVATION (RES_NO,BOARD_NO,START_DATE,END_DATE,BORROWER_ID,REG_DATE,STATUS,STATUS_DATE) values (85,15,to_date('22/02/16','RR/MM/DD'),to_date('22/02/17','RR/MM/DD'),null,to_date('22/02/16','RR/MM/DD'),'대여중',null);
Insert into BOOKING_RESERVATION (RES_NO,BOARD_NO,START_DATE,END_DATE,BORROWER_ID,REG_DATE,STATUS,STATUS_DATE) values (89,15,to_date('22/03/10','RR/MM/DD'),to_date('22/03/10','RR/MM/DD'),null,to_date('22/02/16','RR/MM/DD'),'대여중',null);
Insert into BOOKING_RESERVATION (RES_NO,BOARD_NO,START_DATE,END_DATE,BORROWER_ID,REG_DATE,STATUS,STATUS_DATE) values (96,50,to_date('00/01/01','RR/MM/DD'),to_date('00/01/01','RR/MM/DD'),null,to_date('22/02/16','RR/MM/DD'),null,null);
Insert into BOOKING_RESERVATION (RES_NO,BOARD_NO,START_DATE,END_DATE,BORROWER_ID,REG_DATE,STATUS,STATUS_DATE) values (97,50,to_date('22/02/16','RR/MM/DD'),to_date('22/02/17','RR/MM/DD'),'buyer1234',to_date('22/02/16','RR/MM/DD'),'대여거부',to_date('22/02/16','RR/MM/DD'));
Insert into BOOKING_RESERVATION (RES_NO,BOARD_NO,START_DATE,END_DATE,BORROWER_ID,REG_DATE,STATUS,STATUS_DATE) values (100,52,to_date('00/01/01','RR/MM/DD'),to_date('00/01/01','RR/MM/DD'),null,to_date('22/02/16','RR/MM/DD'),null,null);
Insert into BOOKING_RESERVATION (RES_NO,BOARD_NO,START_DATE,END_DATE,BORROWER_ID,REG_DATE,STATUS,STATUS_DATE) values (101,52,to_date('22/02/16','RR/MM/DD'),to_date('22/02/18','RR/MM/DD'),'buyer1234',to_date('22/02/16','RR/MM/DD'),'대여거부',to_date('22/02/16','RR/MM/DD'));
Insert into BOOKING_RESERVATION (RES_NO,BOARD_NO,START_DATE,END_DATE,BORROWER_ID,REG_DATE,STATUS,STATUS_DATE) values (107,56,to_date('00/01/01','RR/MM/DD'),to_date('00/01/01','RR/MM/DD'),null,to_date('22/02/16','RR/MM/DD'),null,null);
Insert into BOOKING_RESERVATION (RES_NO,BOARD_NO,START_DATE,END_DATE,BORROWER_ID,REG_DATE,STATUS,STATUS_DATE) values (108,57,to_date('00/01/01','RR/MM/DD'),to_date('00/01/01','RR/MM/DD'),null,to_date('22/02/16','RR/MM/DD'),null,null);
Insert into BOOKING_RESERVATION (RES_NO,BOARD_NO,START_DATE,END_DATE,BORROWER_ID,REG_DATE,STATUS,STATUS_DATE) values (109,58,to_date('00/01/01','RR/MM/DD'),to_date('00/01/01','RR/MM/DD'),null,to_date('22/02/16','RR/MM/DD'),null,null);
Insert into BOOKING_RESERVATION (RES_NO,BOARD_NO,START_DATE,END_DATE,BORROWER_ID,REG_DATE,STATUS,STATUS_DATE) values (110,59,to_date('00/01/01','RR/MM/DD'),to_date('00/01/01','RR/MM/DD'),null,to_date('22/02/16','RR/MM/DD'),null,null);
Insert into BOOKING_RESERVATION (RES_NO,BOARD_NO,START_DATE,END_DATE,BORROWER_ID,REG_DATE,STATUS,STATUS_DATE) values (111,60,to_date('00/01/01','RR/MM/DD'),to_date('00/01/01','RR/MM/DD'),null,to_date('22/02/16','RR/MM/DD'),null,null);
Insert into BOOKING_RESERVATION (RES_NO,BOARD_NO,START_DATE,END_DATE,BORROWER_ID,REG_DATE,STATUS,STATUS_DATE) values (112,61,to_date('00/01/01','RR/MM/DD'),to_date('00/01/01','RR/MM/DD'),null,to_date('22/02/16','RR/MM/DD'),null,null);
Insert into BOOKING_RESERVATION (RES_NO,BOARD_NO,START_DATE,END_DATE,BORROWER_ID,REG_DATE,STATUS,STATUS_DATE) values (113,59,to_date('22/02/17','RR/MM/DD'),to_date('22/02/18','RR/MM/DD'),'eadxx60',to_date('22/02/16','RR/MM/DD'),'대여중',null);
Insert into BOOKING_RESERVATION (RES_NO,BOARD_NO,START_DATE,END_DATE,BORROWER_ID,REG_DATE,STATUS,STATUS_DATE) values (114,62,to_date('00/01/01','RR/MM/DD'),to_date('00/01/01','RR/MM/DD'),null,to_date('22/02/16','RR/MM/DD'),null,null);
Insert into BOOKING_RESERVATION (RES_NO,BOARD_NO,START_DATE,END_DATE,BORROWER_ID,REG_DATE,STATUS,STATUS_DATE) values (117,63,to_date('22/02/16','RR/MM/DD'),to_date('22/02/17','RR/MM/DD'),'eadxx60',to_date('22/02/16','RR/MM/DD'),'대여거부',to_date('22/02/16','RR/MM/DD'));
Insert into BOOKING_RESERVATION (RES_NO,BOARD_NO,START_DATE,END_DATE,BORROWER_ID,REG_DATE,STATUS,STATUS_DATE) values (1,1,to_date('22/01/01','RR/MM/DD'),to_date('22/01/03','RR/MM/DD'),'supff55',to_date('22/02/14','RR/MM/DD'),'반납완료',to_date('22/02/16','RR/MM/DD'));
Insert into BOOKING_RESERVATION (RES_NO,BOARD_NO,START_DATE,END_DATE,BORROWER_ID,REG_DATE,STATUS,STATUS_DATE) values (2,1,to_date('22/02/02','RR/MM/DD'),to_date('22/02/13','RR/MM/DD'),'honggd',to_date('22/02/14','RR/MM/DD'),'대여거부',to_date('22/02/16','RR/MM/DD'));
Insert into BOOKING_RESERVATION (RES_NO,BOARD_NO,START_DATE,END_DATE,BORROWER_ID,REG_DATE,STATUS,STATUS_DATE) values (3,2,to_date('22/02/12','RR/MM/DD'),to_date('22/02/13','RR/MM/DD'),null,to_date('22/02/14','RR/MM/DD'),'반납완료',to_date('22/02/16','RR/MM/DD'));
Insert into BOOKING_RESERVATION (RES_NO,BOARD_NO,START_DATE,END_DATE,BORROWER_ID,REG_DATE,STATUS,STATUS_DATE) values (8,9,to_date('00/01/01','RR/MM/DD'),to_date('00/01/01','RR/MM/DD'),null,to_date('22/02/14','RR/MM/DD'),null,null);
Insert into BOOKING_RESERVATION (RES_NO,BOARD_NO,START_DATE,END_DATE,BORROWER_ID,REG_DATE,STATUS,STATUS_DATE) values (17,17,to_date('22/02/15','RR/MM/DD'),to_date('22/02/17','RR/MM/DD'),'honggd',to_date('22/02/14','RR/MM/DD'),'대여중',null);
Insert into BOOKING_RESERVATION (RES_NO,BOARD_NO,START_DATE,END_DATE,BORROWER_ID,REG_DATE,STATUS,STATUS_DATE) values (45,39,to_date('22/02/19','RR/MM/DD'),to_date('22/02/20','RR/MM/DD'),null,to_date('22/02/15','RR/MM/DD'),'반납완료',to_date('22/02/16','RR/MM/DD'));
Insert into BOOKING_RESERVATION (RES_NO,BOARD_NO,START_DATE,END_DATE,BORROWER_ID,REG_DATE,STATUS,STATUS_DATE) values (58,15,to_date('22/02/15','RR/MM/DD'),to_date('22/02/16','RR/MM/DD'),null,to_date('22/02/15','RR/MM/DD'),'대여중',null);
Insert into BOOKING_RESERVATION (RES_NO,BOARD_NO,START_DATE,END_DATE,BORROWER_ID,REG_DATE,STATUS,STATUS_DATE) values (61,9,to_date('22/02/15','RR/MM/DD'),to_date('22/02/15','RR/MM/DD'),null,to_date('22/02/15','RR/MM/DD'),'대여중',null);
Insert into BOOKING_RESERVATION (RES_NO,BOARD_NO,START_DATE,END_DATE,BORROWER_ID,REG_DATE,STATUS,STATUS_DATE) values (63,15,to_date('22/02/15','RR/MM/DD'),to_date('22/02/15','RR/MM/DD'),null,to_date('22/02/15','RR/MM/DD'),'대여중',null);
Insert into BOOKING_RESERVATION (RES_NO,BOARD_NO,START_DATE,END_DATE,BORROWER_ID,REG_DATE,STATUS,STATUS_DATE) values (70,38,to_date('22/02/16','RR/MM/DD'),to_date('22/02/17','RR/MM/DD'),null,to_date('22/02/15','RR/MM/DD'),'대여중',null);
Insert into BOOKING_RESERVATION (RES_NO,BOARD_NO,START_DATE,END_DATE,BORROWER_ID,REG_DATE,STATUS,STATUS_DATE) values (71,15,to_date('22/02/16','RR/MM/DD'),to_date('22/02/17','RR/MM/DD'),null,to_date('22/02/15','RR/MM/DD'),'대여중',null);
Insert into BOOKING_RESERVATION (RES_NO,BOARD_NO,START_DATE,END_DATE,BORROWER_ID,REG_DATE,STATUS,STATUS_DATE) values (79,45,to_date('00/01/01','RR/MM/DD'),to_date('00/01/01','RR/MM/DD'),null,to_date('22/02/15','RR/MM/DD'),null,null);
Insert into BOOKING_RESERVATION (RES_NO,BOARD_NO,START_DATE,END_DATE,BORROWER_ID,REG_DATE,STATUS,STATUS_DATE) values (80,46,to_date('00/01/01','RR/MM/DD'),to_date('00/01/01','RR/MM/DD'),null,to_date('22/02/16','RR/MM/DD'),null,null);
Insert into BOOKING_RESERVATION (RES_NO,BOARD_NO,START_DATE,END_DATE,BORROWER_ID,REG_DATE,STATUS,STATUS_DATE) values (87,15,to_date('22/02/18','RR/MM/DD'),to_date('22/02/19','RR/MM/DD'),null,to_date('22/02/16','RR/MM/DD'),'대여중',null);
Insert into BOOKING_RESERVATION (RES_NO,BOARD_NO,START_DATE,END_DATE,BORROWER_ID,REG_DATE,STATUS,STATUS_DATE) values (91,47,to_date('00/01/01','RR/MM/DD'),to_date('00/01/01','RR/MM/DD'),null,to_date('22/02/16','RR/MM/DD'),null,null);
Insert into BOOKING_RESERVATION (RES_NO,BOARD_NO,START_DATE,END_DATE,BORROWER_ID,REG_DATE,STATUS,STATUS_DATE) values (94,49,to_date('22/02/16','RR/MM/DD'),to_date('22/02/17','RR/MM/DD'),'buyer1234',to_date('22/02/16','RR/MM/DD'),'반납완료',to_date('22/02/16','RR/MM/DD'));
Insert into BOOKING_RESERVATION (RES_NO,BOARD_NO,START_DATE,END_DATE,BORROWER_ID,REG_DATE,STATUS,STATUS_DATE) values (37,39,to_date('22/02/15','RR/MM/DD'),to_date('22/03/02','RR/MM/DD'),null,to_date('22/02/15','RR/MM/DD'),null,null);
Insert into BOOKING_RESERVATION (RES_NO,BOARD_NO,START_DATE,END_DATE,BORROWER_ID,REG_DATE,STATUS,STATUS_DATE) values (38,39,to_date('22/02/15','RR/MM/DD'),to_date('22/02/25','RR/MM/DD'),null,to_date('22/02/15','RR/MM/DD'),null,null);
Insert into BOOKING_RESERVATION (RES_NO,BOARD_NO,START_DATE,END_DATE,BORROWER_ID,REG_DATE,STATUS,STATUS_DATE) values (43,39,to_date('22/02/16','RR/MM/DD'),to_date('22/02/17','RR/MM/DD'),null,to_date('22/02/15','RR/MM/DD'),'대여중',null);
Insert into BOOKING_RESERVATION (RES_NO,BOARD_NO,START_DATE,END_DATE,BORROWER_ID,REG_DATE,STATUS,STATUS_DATE) values (54,41,to_date('00/01/01','RR/MM/DD'),to_date('00/01/01','RR/MM/DD'),null,to_date('22/02/15','RR/MM/DD'),null,null);
Insert into BOOKING_RESERVATION (RES_NO,BOARD_NO,START_DATE,END_DATE,BORROWER_ID,REG_DATE,STATUS,STATUS_DATE) values (55,41,to_date('22/02/15','RR/MM/DD'),to_date('22/02/16','RR/MM/DD'),'honggd',to_date('22/02/15','RR/MM/DD'),'대여거부',to_date('22/02/16','RR/MM/DD'));
Insert into BOOKING_RESERVATION (RES_NO,BOARD_NO,START_DATE,END_DATE,BORROWER_ID,REG_DATE,STATUS,STATUS_DATE) values (56,42,to_date('00/01/01','RR/MM/DD'),to_date('00/01/01','RR/MM/DD'),null,to_date('22/02/15','RR/MM/DD'),null,null);
Insert into BOOKING_RESERVATION (RES_NO,BOARD_NO,START_DATE,END_DATE,BORROWER_ID,REG_DATE,STATUS,STATUS_DATE) values (57,15,to_date('22/02/15','RR/MM/DD'),to_date('22/02/16','RR/MM/DD'),null,to_date('22/02/15','RR/MM/DD'),'대여중',null);
Insert into BOOKING_RESERVATION (RES_NO,BOARD_NO,START_DATE,END_DATE,BORROWER_ID,REG_DATE,STATUS,STATUS_DATE) values (83,15,to_date('22/02/16','RR/MM/DD'),to_date('22/02/17','RR/MM/DD'),null,to_date('22/02/16','RR/MM/DD'),'대여중',null);
Insert into BOOKING_RESERVATION (RES_NO,BOARD_NO,START_DATE,END_DATE,BORROWER_ID,REG_DATE,STATUS,STATUS_DATE) values (86,15,to_date('22/02/16','RR/MM/DD'),to_date('22/02/17','RR/MM/DD'),null,to_date('22/02/16','RR/MM/DD'),'대여중',null);
Insert into BOOKING_RESERVATION (RES_NO,BOARD_NO,START_DATE,END_DATE,BORROWER_ID,REG_DATE,STATUS,STATUS_DATE) values (93,49,to_date('00/01/01','RR/MM/DD'),to_date('00/01/01','RR/MM/DD'),null,to_date('22/02/16','RR/MM/DD'),null,null);
Insert into BOOKING_RESERVATION (RES_NO,BOARD_NO,START_DATE,END_DATE,BORROWER_ID,REG_DATE,STATUS,STATUS_DATE) values (95,49,to_date('22/02/24','RR/MM/DD'),to_date('22/02/28','RR/MM/DD'),'buyer1234',to_date('22/02/16','RR/MM/DD'),'분실',to_date('22/03/01','RR/MM/DD'));
Insert into BOOKING_RESERVATION (RES_NO,BOARD_NO,START_DATE,END_DATE,BORROWER_ID,REG_DATE,STATUS,STATUS_DATE) values (102,53,to_date('00/01/01','RR/MM/DD'),to_date('00/01/01','RR/MM/DD'),null,to_date('22/02/16','RR/MM/DD'),null,null);
Insert into BOOKING_RESERVATION (RES_NO,BOARD_NO,START_DATE,END_DATE,BORROWER_ID,REG_DATE,STATUS,STATUS_DATE) values (9,10,to_date('00/01/01','RR/MM/DD'),to_date('00/01/01','RR/MM/DD'),null,to_date('22/02/14','RR/MM/DD'),null,null);
Insert into BOOKING_RESERVATION (RES_NO,BOARD_NO,START_DATE,END_DATE,BORROWER_ID,REG_DATE,STATUS,STATUS_DATE) values (10,11,to_date('00/01/01','RR/MM/DD'),to_date('00/01/01','RR/MM/DD'),null,to_date('22/02/14','RR/MM/DD'),null,null);
Insert into BOOKING_RESERVATION (RES_NO,BOARD_NO,START_DATE,END_DATE,BORROWER_ID,REG_DATE,STATUS,STATUS_DATE) values (16,17,to_date('00/01/01','RR/MM/DD'),to_date('00/01/01','RR/MM/DD'),null,to_date('22/02/14','RR/MM/DD'),null,null);
Insert into BOOKING_RESERVATION (RES_NO,BOARD_NO,START_DATE,END_DATE,BORROWER_ID,REG_DATE,STATUS,STATUS_DATE) values (52,39,to_date('22/02/15','RR/MM/DD'),to_date('22/02/26','RR/MM/DD'),null,to_date('22/02/15','RR/MM/DD'),'대여중',to_date('22/02/16','RR/MM/DD'));
Insert into BOOKING_RESERVATION (RES_NO,BOARD_NO,START_DATE,END_DATE,BORROWER_ID,REG_DATE,STATUS,STATUS_DATE) values (53,15,to_date('22/02/16','RR/MM/DD'),to_date('22/02/17','RR/MM/DD'),null,to_date('22/02/15','RR/MM/DD'),'대여중',null);
Insert into BOOKING_RESERVATION (RES_NO,BOARD_NO,START_DATE,END_DATE,BORROWER_ID,REG_DATE,STATUS,STATUS_DATE) values (67,16,to_date('22/02/16','RR/MM/DD'),to_date('22/02/16','RR/MM/DD'),'honggd',to_date('22/02/15','RR/MM/DD'),'반납완료',to_date('22/02/16','RR/MM/DD'));
Insert into BOOKING_RESERVATION (RES_NO,BOARD_NO,START_DATE,END_DATE,BORROWER_ID,REG_DATE,STATUS,STATUS_DATE) values (72,15,to_date('22/03/04','RR/MM/DD'),to_date('22/03/05','RR/MM/DD'),null,to_date('22/02/15','RR/MM/DD'),'대여중',null);
Insert into BOOKING_RESERVATION (RES_NO,BOARD_NO,START_DATE,END_DATE,BORROWER_ID,REG_DATE,STATUS,STATUS_DATE) values (73,38,to_date('22/03/01','RR/MM/DD'),to_date('22/03/02','RR/MM/DD'),null,to_date('22/02/15','RR/MM/DD'),'대여중',null);
Insert into BOOKING_RESERVATION (RES_NO,BOARD_NO,START_DATE,END_DATE,BORROWER_ID,REG_DATE,STATUS,STATUS_DATE) values (74,15,to_date('22/02/15','RR/MM/DD'),to_date('22/02/16','RR/MM/DD'),null,to_date('22/02/15','RR/MM/DD'),'대여중',null);
Insert into BOOKING_RESERVATION (RES_NO,BOARD_NO,START_DATE,END_DATE,BORROWER_ID,REG_DATE,STATUS,STATUS_DATE) values (75,15,to_date('22/02/15','RR/MM/DD'),to_date('22/02/16','RR/MM/DD'),null,to_date('22/02/15','RR/MM/DD'),'대여중',null);
Insert into BOOKING_RESERVATION (RES_NO,BOARD_NO,START_DATE,END_DATE,BORROWER_ID,REG_DATE,STATUS,STATUS_DATE) values (78,43,to_date('22/02/15','RR/MM/DD'),to_date('22/02/16','RR/MM/DD'),'eadxx60',to_date('22/02/15','RR/MM/DD'),'반납완료',to_date('22/02/16','RR/MM/DD'));
Insert into BOOKING_RESERVATION (RES_NO,BOARD_NO,START_DATE,END_DATE,BORROWER_ID,REG_DATE,STATUS,STATUS_DATE) values (88,15,to_date('22/03/09','RR/MM/DD'),to_date('22/03/11','RR/MM/DD'),null,to_date('22/02/16','RR/MM/DD'),'대여중',null);
Insert into BOOKING_RESERVATION (RES_NO,BOARD_NO,START_DATE,END_DATE,BORROWER_ID,REG_DATE,STATUS,STATUS_DATE) values (90,15,to_date('22/06/23','RR/MM/DD'),to_date('22/06/30','RR/MM/DD'),null,to_date('22/02/16','RR/MM/DD'),'대여중',null);
Insert into BOOKING_RESERVATION (RES_NO,BOARD_NO,START_DATE,END_DATE,BORROWER_ID,REG_DATE,STATUS,STATUS_DATE) values (4,1,to_date('00/01/01','RR/MM/DD'),to_date('00/01/01','RR/MM/DD'),null,to_date('22/02/14','RR/MM/DD'),null,null);
Insert into BOOKING_RESERVATION (RES_NO,BOARD_NO,START_DATE,END_DATE,BORROWER_ID,REG_DATE,STATUS,STATUS_DATE) values (5,2,to_date('00/01/01','RR/MM/DD'),to_date('00/01/01','RR/MM/DD'),null,to_date('22/02/14','RR/MM/DD'),null,null);
Insert into BOOKING_RESERVATION (RES_NO,BOARD_NO,START_DATE,END_DATE,BORROWER_ID,REG_DATE,STATUS,STATUS_DATE) values (6,7,to_date('00/01/01','RR/MM/DD'),to_date('00/01/01','RR/MM/DD'),null,to_date('22/02/14','RR/MM/DD'),null,null);
Insert into BOOKING_RESERVATION (RES_NO,BOARD_NO,START_DATE,END_DATE,BORROWER_ID,REG_DATE,STATUS,STATUS_DATE) values (7,8,to_date('00/01/01','RR/MM/DD'),to_date('00/01/01','RR/MM/DD'),null,to_date('22/02/14','RR/MM/DD'),null,null);
Insert into BOOKING_RESERVATION (RES_NO,BOARD_NO,START_DATE,END_DATE,BORROWER_ID,REG_DATE,STATUS,STATUS_DATE) values (31,38,to_date('00/01/01','RR/MM/DD'),to_date('00/01/01','RR/MM/DD'),null,to_date('22/02/14','RR/MM/DD'),null,null);
Insert into BOOKING_RESERVATION (RES_NO,BOARD_NO,START_DATE,END_DATE,BORROWER_ID,REG_DATE,STATUS,STATUS_DATE) values (33,40,to_date('22/02/14','RR/MM/DD'),to_date('22/02/15','RR/MM/DD'),null,to_date('22/02/14','RR/MM/DD'),null,null);
Insert into BOOKING_RESERVATION (RES_NO,BOARD_NO,START_DATE,END_DATE,BORROWER_ID,REG_DATE,STATUS,STATUS_DATE) values (34,15,to_date('22/02/14','RR/MM/DD'),to_date('22/02/16','RR/MM/DD'),null,to_date('22/02/14','RR/MM/DD'),'대여중',null);
Insert into BOOKING_RESERVATION (RES_NO,BOARD_NO,START_DATE,END_DATE,BORROWER_ID,REG_DATE,STATUS,STATUS_DATE) values (36,40,to_date('22/02/14','RR/MM/DD'),to_date('22/02/22','RR/MM/DD'),null,to_date('22/02/14','RR/MM/DD'),'대여중',null);
Insert into BOOKING_RESERVATION (RES_NO,BOARD_NO,START_DATE,END_DATE,BORROWER_ID,REG_DATE,STATUS,STATUS_DATE) values (39,2,to_date('22/02/15','RR/MM/DD'),to_date('22/02/22','RR/MM/DD'),null,to_date('22/02/15','RR/MM/DD'),null,null);
Insert into BOOKING_RESERVATION (RES_NO,BOARD_NO,START_DATE,END_DATE,BORROWER_ID,REG_DATE,STATUS,STATUS_DATE) values (40,40,to_date('22/02/15','RR/MM/DD'),to_date('22/02/22','RR/MM/DD'),null,to_date('22/02/15','RR/MM/DD'),'대여중',null);
Insert into BOOKING_RESERVATION (RES_NO,BOARD_NO,START_DATE,END_DATE,BORROWER_ID,REG_DATE,STATUS,STATUS_DATE) values (46,15,to_date('22/02/15','RR/MM/DD'),to_date('22/02/16','RR/MM/DD'),null,to_date('22/02/15','RR/MM/DD'),'대여중',null);
Insert into BOOKING_RESERVATION (RES_NO,BOARD_NO,START_DATE,END_DATE,BORROWER_ID,REG_DATE,STATUS,STATUS_DATE) values (59,15,to_date('22/02/15','RR/MM/DD'),to_date('22/02/15','RR/MM/DD'),null,to_date('22/02/15','RR/MM/DD'),'대여중',null);
Insert into BOOKING_RESERVATION (RES_NO,BOARD_NO,START_DATE,END_DATE,BORROWER_ID,REG_DATE,STATUS,STATUS_DATE) values (60,15,to_date('22/02/15','RR/MM/DD'),to_date('22/02/15','RR/MM/DD'),null,to_date('22/02/15','RR/MM/DD'),'대여중',null);
Insert into BOOKING_RESERVATION (RES_NO,BOARD_NO,START_DATE,END_DATE,BORROWER_ID,REG_DATE,STATUS,STATUS_DATE) values (64,43,to_date('00/01/01','RR/MM/DD'),to_date('00/01/01','RR/MM/DD'),null,to_date('22/02/15','RR/MM/DD'),null,null);
Insert into BOOKING_RESERVATION (RES_NO,BOARD_NO,START_DATE,END_DATE,BORROWER_ID,REG_DATE,STATUS,STATUS_DATE) values (65,44,to_date('00/01/01','RR/MM/DD'),to_date('00/01/01','RR/MM/DD'),null,to_date('22/02/15','RR/MM/DD'),null,null);
Insert into BOOKING_RESERVATION (RES_NO,BOARD_NO,START_DATE,END_DATE,BORROWER_ID,REG_DATE,STATUS,STATUS_DATE) values (66,44,to_date('22/02/15','RR/MM/DD'),to_date('22/02/17','RR/MM/DD'),'eadxx60',to_date('22/02/15','RR/MM/DD'),'대여중',null);
Insert into BOOKING_RESERVATION (RES_NO,BOARD_NO,START_DATE,END_DATE,BORROWER_ID,REG_DATE,STATUS,STATUS_DATE) values (77,15,to_date('22/02/16','RR/MM/DD'),to_date('22/02/16','RR/MM/DD'),null,to_date('22/02/15','RR/MM/DD'),'대여중',null);
Insert into BOOKING_RESERVATION (RES_NO,BOARD_NO,START_DATE,END_DATE,BORROWER_ID,REG_DATE,STATUS,STATUS_DATE) values (92,48,to_date('00/01/01','RR/MM/DD'),to_date('00/01/01','RR/MM/DD'),null,to_date('22/02/16','RR/MM/DD'),null,null);
Insert into BOOKING_RESERVATION (RES_NO,BOARD_NO,START_DATE,END_DATE,BORROWER_ID,REG_DATE,STATUS,STATUS_DATE) values (98,51,to_date('00/01/01','RR/MM/DD'),to_date('00/01/01','RR/MM/DD'),null,to_date('22/02/16','RR/MM/DD'),null,null);
Insert into BOOKING_RESERVATION (RES_NO,BOARD_NO,START_DATE,END_DATE,BORROWER_ID,REG_DATE,STATUS,STATUS_DATE) values (99,51,to_date('22/02/23','RR/MM/DD'),to_date('22/02/24','RR/MM/DD'),'sinsa',to_date('22/02/16','RR/MM/DD'),'대여중',null);
Insert into BOOKING_RESERVATION (RES_NO,BOARD_NO,START_DATE,END_DATE,BORROWER_ID,REG_DATE,STATUS,STATUS_DATE) values (103,53,to_date('22/02/16','RR/MM/DD'),to_date('22/02/18','RR/MM/DD'),'sinsa',to_date('22/02/16','RR/MM/DD'),'대여거부',to_date('22/02/16','RR/MM/DD'));
Insert into BOOKING_RESERVATION (RES_NO,BOARD_NO,START_DATE,END_DATE,BORROWER_ID,REG_DATE,STATUS,STATUS_DATE) values (104,54,to_date('00/01/01','RR/MM/DD'),to_date('00/01/01','RR/MM/DD'),null,to_date('22/02/16','RR/MM/DD'),null,null);
Insert into BOOKING_RESERVATION (RES_NO,BOARD_NO,START_DATE,END_DATE,BORROWER_ID,REG_DATE,STATUS,STATUS_DATE) values (105,55,to_date('00/01/01','RR/MM/DD'),to_date('00/01/01','RR/MM/DD'),null,to_date('22/02/16','RR/MM/DD'),null,null);
Insert into BOOKING_RESERVATION (RES_NO,BOARD_NO,START_DATE,END_DATE,BORROWER_ID,REG_DATE,STATUS,STATUS_DATE) values (106,55,to_date('22/02/16','RR/MM/DD'),to_date('22/02/18','RR/MM/DD'),'eadxx60',to_date('22/02/16','RR/MM/DD'),'반납완료',to_date('22/02/16','RR/MM/DD'));
Insert into BOOKING_RESERVATION (RES_NO,BOARD_NO,START_DATE,END_DATE,BORROWER_ID,REG_DATE,STATUS,STATUS_DATE) values (115,62,to_date('22/02/18','RR/MM/DD'),to_date('22/02/21','RR/MM/DD'),'eadxx60',to_date('22/02/16','RR/MM/DD'),'반납완료',to_date('22/02/16','RR/MM/DD'));
Insert into BOOKING_RESERVATION (RES_NO,BOARD_NO,START_DATE,END_DATE,BORROWER_ID,REG_DATE,STATUS,STATUS_DATE) values (116,63,to_date('00/01/01','RR/MM/DD'),to_date('00/01/01','RR/MM/DD'),null,to_date('22/02/16','RR/MM/DD'),null,null);
REM INSERTING into CHARGE_HISTORY
SET DEFINE OFF;
Insert into CHARGE_HISTORY (IMP_UID,MERCHANT_UID,PG_TID,CHARGE_CASH,BONUS_CASH,CHARGE_DATE,MEMBER_ID) values ('imp_083981845870','nobody_1643641979282','T0000000001425516424',10000,0,to_date('22/03/02','RR/MM/DD'),'honggd');
Insert into CHARGE_HISTORY (IMP_UID,MERCHANT_UID,PG_TID,CHARGE_CASH,BONUS_CASH,CHARGE_DATE,MEMBER_ID) values ('imp_357880214323','nobody_1643642877604','T0000000001425516420',2000,0,to_date('22/03/21','RR/MM/DD'),'honggd');
Insert into CHARGE_HISTORY (IMP_UID,MERCHANT_UID,PG_TID,CHARGE_CASH,BONUS_CASH,CHARGE_DATE,MEMBER_ID) values ('imp_315843353691','nobody_1644920843093','T1620b800b1f1275643a',20000,60,to_date('22/02/15','RR/MM/DD'),'sinsa');
Insert into CHARGE_HISTORY (IMP_UID,MERCHANT_UID,PG_TID,CHARGE_CASH,BONUS_CASH,CHARGE_DATE,MEMBER_ID) values ('imp_864988765676','nobody_1644920988505','T1620b809c20f93341f1',10000,300,to_date('22/02/15','RR/MM/DD'),'sinsa');
Insert into CHARGE_HISTORY (IMP_UID,MERCHANT_UID,PG_TID,CHARGE_CASH,BONUS_CASH,CHARGE_DATE,MEMBER_ID) values ('imp_058747260644','nobody_1644946746442','T1620be53b20f9334193',20000,60,to_date('22/02/16','RR/MM/DD'),'buyer1234');
Insert into CHARGE_HISTORY (IMP_UID,MERCHANT_UID,PG_TID,CHARGE_CASH,BONUS_CASH,CHARGE_DATE,MEMBER_ID) values ('imp_399655279033','nobody_1644953654315','T1620c003720f933419c',20000,60,to_date('22/02/16','RR/MM/DD'),'buyer1234');
Insert into CHARGE_HISTORY (IMP_UID,MERCHANT_UID,PG_TID,CHARGE_CASH,BONUS_CASH,CHARGE_DATE,MEMBER_ID) values ('imp_983136779246','nobody_1643652133967','T0000000001425498754',5000,0,to_date('22/04/12','RR/MM/DD'),'honggd');
Insert into CHARGE_HISTORY (IMP_UID,MERCHANT_UID,PG_TID,CHARGE_CASH,BONUS_CASH,CHARGE_DATE,MEMBER_ID) values ('imp_907555087777','nobody_1643902554892','T0000000001425515040',2000,60,to_date('22/04/25','RR/MM/DD'),'honggd');
Insert into CHARGE_HISTORY (IMP_UID,MERCHANT_UID,PG_TID,CHARGE_CASH,BONUS_CASH,CHARGE_DATE,MEMBER_ID) values ('imp_555452204937','nobody_1644317452700','T2996448582955450184',2000,60,to_date('22/05/30','RR/MM/DD'),'sinsa');
Insert into CHARGE_HISTORY (IMP_UID,MERCHANT_UID,PG_TID,CHARGE_CASH,BONUS_CASH,CHARGE_DATE,MEMBER_ID) values ('imp_691246977872','nobody_1644318247448','T2996451997454450516',5000,150,to_date('22/05/08','RR/MM/DD'),'honggd');
Insert into CHARGE_HISTORY (IMP_UID,MERCHANT_UID,PG_TID,CHARGE_CASH,BONUS_CASH,CHARGE_DATE,MEMBER_ID) values ('imp_025296598237','nobody_1644323296972','T2996473682744327774',20000,60,to_date('22/06/13','RR/MM/DD'),'sinjuso');
Insert into CHARGE_HISTORY (IMP_UID,MERCHANT_UID,PG_TID,CHARGE_CASH,BONUS_CASH,CHARGE_DATE,MEMBER_ID) values ('imp_359485692263','nobody_1644323486062','T2996474494493140224',10000,300,to_date('22/06/15','RR/MM/DD'),'sinjuso');
Insert into CHARGE_HISTORY (IMP_UID,MERCHANT_UID,PG_TID,CHARGE_CASH,BONUS_CASH,CHARGE_DATE,MEMBER_ID) values ('imp_236891337512','nobody_1644323891700','T2996476238249868898',2000,50,to_date('22/02/08','RR/MM/DD'),'sinjuso');
Insert into CHARGE_HISTORY (IMP_UID,MERCHANT_UID,PG_TID,CHARGE_CASH,BONUS_CASH,CHARGE_DATE,MEMBER_ID) values ('imp_705481908172','nobody_1645005482377','T1620ccaa91f127564eb',20000,60,to_date('22/02/16','RR/MM/DD'),'yoonjava123');
Insert into CHARGE_HISTORY (IMP_UID,MERCHANT_UID,PG_TID,CHARGE_CASH,BONUS_CASH,CHARGE_DATE,MEMBER_ID) values ('imp_007810993810','nobody_1645005811431','T1620ccbf320f93341a5',10000,300,to_date('22/02/16','RR/MM/DD'),'yoonjava123');
Insert into CHARGE_HISTORY (IMP_UID,MERCHANT_UID,PG_TID,CHARGE_CASH,BONUS_CASH,CHARGE_DATE,MEMBER_ID) values ('imp_735549325836','nobody_1645007549748','T1620cd2bd1f127564f5',5000,150,to_date('22/02/16','RR/MM/DD'),'yoonjava123');
Insert into CHARGE_HISTORY (IMP_UID,MERCHANT_UID,PG_TID,CHARGE_CASH,BONUS_CASH,CHARGE_DATE,MEMBER_ID) values ('imp_652862904256','nobody_1645007863319','T1620cd3f620f93341aa',5000,150,to_date('22/02/16','RR/MM/DD'),'yoonjava123');
Insert into CHARGE_HISTORY (IMP_UID,MERCHANT_UID,PG_TID,CHARGE_CASH,BONUS_CASH,CHARGE_DATE,MEMBER_ID) values ('imp_458093705877','nobody_1645008094116','T1620cd4dd20f93341ab',10000,300,to_date('22/02/16','RR/MM/DD'),'yoonjava123');
Insert into CHARGE_HISTORY (IMP_UID,MERCHANT_UID,PG_TID,CHARGE_CASH,BONUS_CASH,CHARGE_DATE,MEMBER_ID) values ('imp_277435642066','nobody_1645008436034','T1620cd63320f93341ac',20000,60,to_date('22/02/16','RR/MM/DD'),'yoonjava123');
Insert into CHARGE_HISTORY (IMP_UID,MERCHANT_UID,PG_TID,CHARGE_CASH,BONUS_CASH,CHARGE_DATE,MEMBER_ID) values ('imp_278682290961','nobody_1645008682663','T1620cd72a1f127564ff',10000,300,to_date('22/02/16','RR/MM/DD'),'yoonjava123');
Insert into CHARGE_HISTORY (IMP_UID,MERCHANT_UID,PG_TID,CHARGE_CASH,BONUS_CASH,CHARGE_DATE,MEMBER_ID) values ('imp_401861794849','nobody_1645008862177','T1620cd7dd20f93341ae',20000,60,to_date('22/02/16','RR/MM/DD'),'yoonjava123');
Insert into CHARGE_HISTORY (IMP_UID,MERCHANT_UID,PG_TID,CHARGE_CASH,BONUS_CASH,CHARGE_DATE,MEMBER_ID) values ('imp_353746903118','nobody_1643902746965','T0000000001425515038',5000,150,to_date('22/02/04','RR/MM/DD'),'honggd');
Insert into CHARGE_HISTORY (IMP_UID,MERCHANT_UID,PG_TID,CHARGE_CASH,BONUS_CASH,CHARGE_DATE,MEMBER_ID) values ('imp_520264620007','nobody_1644166264291','T0000000001425494851',5000,150,to_date('22/02/07','RR/MM/DD'),'sinsa');
Insert into CHARGE_HISTORY (IMP_UID,MERCHANT_UID,PG_TID,CHARGE_CASH,BONUS_CASH,CHARGE_DATE,MEMBER_ID) values ('imp_634508405978','nobody_1644320508838','T2996461708375500004',20000,600,to_date('22/02/08','RR/MM/DD'),'sinjuso');
Insert into CHARGE_HISTORY (IMP_UID,MERCHANT_UID,PG_TID,CHARGE_CASH,BONUS_CASH,CHARGE_DATE,MEMBER_ID) values ('imp_759014844387','nobody_1644332015048','T2996511126269214662',20000,60,to_date('22/02/08','RR/MM/DD'),'sinjuso');
Insert into CHARGE_HISTORY (IMP_UID,MERCHANT_UID,PG_TID,CHARGE_CASH,BONUS_CASH,CHARGE_DATE,MEMBER_ID) values ('imp_060074822812','nobody_1644332075021','T2996511383967252148',2000,50,to_date('22/02/08','RR/MM/DD'),'sinjuso');
Insert into CHARGE_HISTORY (IMP_UID,MERCHANT_UID,PG_TID,CHARGE_CASH,BONUS_CASH,CHARGE_DATE,MEMBER_ID) values ('imp_972440708291','nobody_1644925440350','T1620b92001f12756472',20000,60,to_date('22/02/15','RR/MM/DD'),'buyer1234');
Insert into CHARGE_HISTORY (IMP_UID,MERCHANT_UID,PG_TID,CHARGE_CASH,BONUS_CASH,CHARGE_DATE,MEMBER_ID) values ('imp_211788773621','nobody_1643646786090','T0000000001425488587',5000,0,to_date('22/02/01','RR/MM/DD'),'honggd');
Insert into CHARGE_HISTORY (IMP_UID,MERCHANT_UID,PG_TID,CHARGE_CASH,BONUS_CASH,CHARGE_DATE,MEMBER_ID) values ('imp_569944592801','nobody_1643646941880','T0000000001425488585',5000,0,to_date('22/02/01','RR/MM/DD'),'honggd');
Insert into CHARGE_HISTORY (IMP_UID,MERCHANT_UID,PG_TID,CHARGE_CASH,BONUS_CASH,CHARGE_DATE,MEMBER_ID) values ('imp_236754083573','nobody_1644331754287','T2996510009577710936',20000,60,to_date('22/02/08','RR/MM/DD'),'sinjuso');
Insert into CHARGE_HISTORY (IMP_UID,MERCHANT_UID,PG_TID,CHARGE_CASH,BONUS_CASH,CHARGE_DATE,MEMBER_ID) values ('imp_990202453921','nobody_1644923202139','T1620b894220f933410f',20000,60,to_date('22/02/15','RR/MM/DD'),'honggd');
Insert into CHARGE_HISTORY (IMP_UID,MERCHANT_UID,PG_TID,CHARGE_CASH,BONUS_CASH,CHARGE_DATE,MEMBER_ID) values ('imp_228355136329','nobody_1644923354825','T1620b89db20f9334112',20000,60,to_date('22/02/15','RR/MM/DD'),'sinsa');
Insert into CHARGE_HISTORY (IMP_UID,MERCHANT_UID,PG_TID,CHARGE_CASH,BONUS_CASH,CHARGE_DATE,MEMBER_ID) values ('imp_363571584078','nobody_1643650568808','T0000000001425498758',2000,0,to_date('70/01/20','RR/MM/DD'),'honggd');
Insert into CHARGE_HISTORY (IMP_UID,MERCHANT_UID,PG_TID,CHARGE_CASH,BONUS_CASH,CHARGE_DATE,MEMBER_ID) values ('imp_820170283689','nobody_1644324170639','T2996477436545744486',10000,300,to_date('22/02/08','RR/MM/DD'),'sinjuso');
Insert into CHARGE_HISTORY (IMP_UID,MERCHANT_UID,PG_TID,CHARGE_CASH,BONUS_CASH,CHARGE_DATE,MEMBER_ID) values ('imp_764344503575','nobody_1644324344854','T2996478183870054280',5000,150,to_date('22/02/08','RR/MM/DD'),'sinjuso');
Insert into CHARGE_HISTORY (IMP_UID,MERCHANT_UID,PG_TID,CHARGE_CASH,BONUS_CASH,CHARGE_DATE,MEMBER_ID) values ('imp_687468102707','nobody_1644850467859','T1620a6d2420f933417c',20000,60,to_date('22/02/14','RR/MM/DD'),'sinsa');
Insert into CHARGE_HISTORY (IMP_UID,MERCHANT_UID,PG_TID,CHARGE_CASH,BONUS_CASH,CHARGE_DATE,MEMBER_ID) values ('imp_486587518732','nobody_1644911587815','T1620b5be31f127564b1',20000,60,to_date('22/02/15','RR/MM/DD'),'eadxx60');
Insert into CHARGE_HISTORY (IMP_UID,MERCHANT_UID,PG_TID,CHARGE_CASH,BONUS_CASH,CHARGE_DATE,MEMBER_ID) values ('imp_486496431232','nobody_1645011495988','T1620ce22820f93341b6',20000,60,to_date('22/02/16','RR/MM/DD'),'eadxx60');
REM INSERTING into CHAT_HISTORY
SET DEFINE OFF;
Insert into CHAT_HISTORY (CHAT_ROOM_ID,SENDER_ID,MESSAGE,SEND_DATE,READ_CHECK) values ('b29a0686-a9a2-4cb3-986e-6ffc9b141a58','sinsa','너없는동안채팅써놧어...',to_date('22/01/23','RR/MM/DD'),0);
Insert into CHAT_HISTORY (CHAT_ROOM_ID,SENDER_ID,MESSAGE,SEND_DATE,READ_CHECK) values ('b29a0686-a9a2-4cb3-986e-6ffc9b141a58','sinsa','얼른돌아와~',to_date('22/01/23','RR/MM/DD'),0);
Insert into CHAT_HISTORY (CHAT_ROOM_ID,SENDER_ID,MESSAGE,SEND_DATE,READ_CHECK) values ('b29a0686-a9a2-4cb3-986e-6ffc9b141a58','sinsa','chatMain',to_date('22/01/25','RR/MM/DD'),0);
Insert into CHAT_HISTORY (CHAT_ROOM_ID,SENDER_ID,MESSAGE,SEND_DATE,READ_CHECK) values ('b29a0686-a9a2-4cb3-986e-6ffc9b141a58','sinsa','chatMain',to_date('22/01/25','RR/MM/DD'),0);
Insert into CHAT_HISTORY (CHAT_ROOM_ID,SENDER_ID,MESSAGE,SEND_DATE,READ_CHECK) values ('b29a0686-a9a2-4cb3-986e-6ffc9b141a58','sinsa','chatMain',to_date('22/01/25','RR/MM/DD'),0);
Insert into CHAT_HISTORY (CHAT_ROOM_ID,SENDER_ID,MESSAGE,SEND_DATE,READ_CHECK) values ('b29a0686-a9a2-4cb3-986e-6ffc9b141a58','sinsa','1',to_date('22/01/25','RR/MM/DD'),0);
Insert into CHAT_HISTORY (CHAT_ROOM_ID,SENDER_ID,MESSAGE,SEND_DATE,READ_CHECK) values ('b29a0686-a9a2-4cb3-986e-6ffc9b141a58','sinsa','2',to_date('22/01/25','RR/MM/DD'),0);
Insert into CHAT_HISTORY (CHAT_ROOM_ID,SENDER_ID,MESSAGE,SEND_DATE,READ_CHECK) values ('b29a0686-a9a2-4cb3-986e-6ffc9b141a58','sinsa','23',to_date('22/01/25','RR/MM/DD'),0);
Insert into CHAT_HISTORY (CHAT_ROOM_ID,SENDER_ID,MESSAGE,SEND_DATE,READ_CHECK) values ('b29a0686-a9a2-4cb3-986e-6ffc9b141a58','sinsa','234',to_date('22/01/25','RR/MM/DD'),0);
Insert into CHAT_HISTORY (CHAT_ROOM_ID,SENDER_ID,MESSAGE,SEND_DATE,READ_CHECK) values ('b29a0686-a9a2-4cb3-986e-6ffc9b141a58','sinsa','2345',to_date('22/01/25','RR/MM/DD'),0);
Insert into CHAT_HISTORY (CHAT_ROOM_ID,SENDER_ID,MESSAGE,SEND_DATE,READ_CHECK) values ('b29a0686-a9a2-4cb3-986e-6ffc9b141a58','sinsa','23456',to_date('22/01/25','RR/MM/DD'),0);
Insert into CHAT_HISTORY (CHAT_ROOM_ID,SENDER_ID,MESSAGE,SEND_DATE,READ_CHECK) values ('b29a0686-a9a2-4cb3-986e-6ffc9b141a58','sinsa','234567',to_date('22/01/25','RR/MM/DD'),0);
Insert into CHAT_HISTORY (CHAT_ROOM_ID,SENDER_ID,MESSAGE,SEND_DATE,READ_CHECK) values ('b29a0686-a9a2-4cb3-986e-6ffc9b141a58','sinsa','2345678',to_date('22/01/25','RR/MM/DD'),0);
Insert into CHAT_HISTORY (CHAT_ROOM_ID,SENDER_ID,MESSAGE,SEND_DATE,READ_CHECK) values ('b29a0686-a9a2-4cb3-986e-6ffc9b141a58','abcde','gdgd',to_date('22/01/25','RR/MM/DD'),0);
Insert into CHAT_HISTORY (CHAT_ROOM_ID,SENDER_ID,MESSAGE,SEND_DATE,READ_CHECK) values ('1ca08814-a6ca-455b-afed-e67abc37b6d4','sinsa','차트원 하이요',to_date('22/02/09','RR/MM/DD'),0);
Insert into CHAT_HISTORY (CHAT_ROOM_ID,SENDER_ID,MESSAGE,SEND_DATE,READ_CHECK) values ('8a39521a-2c7e-46d2-8fad-6a105135f2ae','bookit','체크인 : 2022-02-17
 체크아웃 : 2022-02-18
 도서 : 개미 5년, 세후 55억
 대여 신청 완료',to_date('22/02/16','RR/MM/DD'),0);
Insert into CHAT_HISTORY (CHAT_ROOM_ID,SENDER_ID,MESSAGE,SEND_DATE,READ_CHECK) values ('ed6773ae-0039-4410-a452-2b7e9c90afcf','bookit','체크인 : 2022-02-17
 체크아웃 : 2022-02-18
 도서 : 개미 5년, 세후 55억
 대여자 : 바이엉
 대여 신청 완료',to_date('22/02/16','RR/MM/DD'),0);
Insert into CHAT_HISTORY (CHAT_ROOM_ID,SENDER_ID,MESSAGE,SEND_DATE,READ_CHECK) values ('8a39521a-2c7e-46d2-8fad-6a105135f2ae','bookit','체크인 : 2022-02-16
 체크아웃 : 2022-02-17
 도서 : 개미 5년, 세후 55억
 대여 신청 완료',to_date('22/02/16','RR/MM/DD'),0);
Insert into CHAT_HISTORY (CHAT_ROOM_ID,SENDER_ID,MESSAGE,SEND_DATE,READ_CHECK) values ('ed6773ae-0039-4410-a452-2b7e9c90afcf','bookit','체크인 : 2022-02-16
 체크아웃 : 2022-02-17
 도서 : 개미 5년, 세후 55억
 대여자 : 바이엉
 대여 신청 완료',to_date('22/02/16','RR/MM/DD'),0);
Insert into CHAT_HISTORY (CHAT_ROOM_ID,SENDER_ID,MESSAGE,SEND_DATE,READ_CHECK) values ('8a39521a-2c7e-46d2-8fad-6a105135f2ae','bookit','체크인 : 2022-03-10
 체크아웃 : 2022-03-10
 도서 : 개미 5년, 세후 55억
 대여 신청 완료',to_date('22/02/16','RR/MM/DD'),0);
Insert into CHAT_HISTORY (CHAT_ROOM_ID,SENDER_ID,MESSAGE,SEND_DATE,READ_CHECK) values ('ed6773ae-0039-4410-a452-2b7e9c90afcf','bookit','체크인 : 2022-03-10
 체크아웃 : 2022-03-10
 도서 : 개미 5년, 세후 55억
 대여자 : 바이엉
 대여 신청 완료',to_date('22/02/16','RR/MM/DD'),0);
Insert into CHAT_HISTORY (CHAT_ROOM_ID,SENDER_ID,MESSAGE,SEND_DATE,READ_CHECK) values ('8a39521a-2c7e-46d2-8fad-6a105135f2ae','bookit','체크인 : 2022-02-16
 체크아웃 : 2022-02-17
 도서 : 고정욱 삼국지 2 : 난세의 간웅 - 주석으로 쉽게 읽는
 대여 신청 완료',to_date('22/02/16','RR/MM/DD'),0);
Insert into CHAT_HISTORY (CHAT_ROOM_ID,SENDER_ID,MESSAGE,SEND_DATE,READ_CHECK) values ('ed6773ae-0039-4410-a452-2b7e9c90afcf','bookit','체크인 : 2022-02-16
 체크아웃 : 2022-02-17
 도서 : 고정욱 삼국지 2 : 난세의 간웅 - 주석으로 쉽게 읽는
 대여자 : 바이엉
 대여 신청 완료',to_date('22/02/16','RR/MM/DD'),0);
Insert into CHAT_HISTORY (CHAT_ROOM_ID,SENDER_ID,MESSAGE,SEND_DATE,READ_CHECK) values ('8a39521a-2c7e-46d2-8fad-6a105135f2ae','bookit','체크인 : 2022-02-16
 체크아웃 : 2022-02-18
 도서 : 홍길동전
 대여 신청 완료',to_date('22/02/16','RR/MM/DD'),0);
Insert into CHAT_HISTORY (CHAT_ROOM_ID,SENDER_ID,MESSAGE,SEND_DATE,READ_CHECK) values ('ed6773ae-0039-4410-a452-2b7e9c90afcf','bookit','체크인 : 2022-02-16
 체크아웃 : 2022-02-18
 도서 : 홍길동전
 대여자 : 바이엉
 대여 신청 완료',to_date('22/02/16','RR/MM/DD'),0);
Insert into CHAT_HISTORY (CHAT_ROOM_ID,SENDER_ID,MESSAGE,SEND_DATE,READ_CHECK) values ('8a39521a-2c7e-46d2-8fad-6a105135f2ae','buyer1234','관리자에게도 채팅이 가나요?',to_date('22/02/16','RR/MM/DD'),1);
Insert into CHAT_HISTORY (CHAT_ROOM_ID,SENDER_ID,MESSAGE,SEND_DATE,READ_CHECK) values ('ce2307c6-8814-422f-af17-cbb64986809b','bookit','체크인 : 2022-02-17
 체크아웃 : 2022-02-18
 도서 : 소공녀
 대여 신청 완료',to_date('22/02/16','RR/MM/DD'),0);
Insert into CHAT_HISTORY (CHAT_ROOM_ID,SENDER_ID,MESSAGE,SEND_DATE,READ_CHECK) values ('b97e5411-a90f-4232-a0a2-9a51eb2ff295','bookit','체크인 : 2022-02-17
 체크아웃 : 2022-02-18
 도서 : 소공녀
 대여자 : 하은3718
 대여 신청 완료',to_date('22/02/16','RR/MM/DD'),1);
Insert into CHAT_HISTORY (CHAT_ROOM_ID,SENDER_ID,MESSAGE,SEND_DATE,READ_CHECK) values ('ce2307c6-8814-422f-af17-cbb64986809b','bookit','체크인 : 2022-02-16
 체크아웃 : 2022-02-17
 도서 : 마인크래프트 전투 핸드북
 대여 신청 완료',to_date('22/02/16','RR/MM/DD'),1);
Insert into CHAT_HISTORY (CHAT_ROOM_ID,SENDER_ID,MESSAGE,SEND_DATE,READ_CHECK) values ('b97e5411-a90f-4232-a0a2-9a51eb2ff295','bookit','체크인 : 2022-02-16
 체크아웃 : 2022-02-17
 도서 : 마인크래프트 전투 핸드북
 대여자 : 하은3718
 대여 신청 완료',to_date('22/02/16','RR/MM/DD'),1);
Insert into CHAT_HISTORY (CHAT_ROOM_ID,SENDER_ID,MESSAGE,SEND_DATE,READ_CHECK) values ('e4d5ac82-e48a-4f6f-8288-5e3d2c8402f3','sinsa','첫번째채팅(신사)',to_date('22/01/23','RR/MM/DD'),0);
Insert into CHAT_HISTORY (CHAT_ROOM_ID,SENDER_ID,MESSAGE,SEND_DATE,READ_CHECK) values ('e4d5ac82-e48a-4f6f-8288-5e3d2c8402f3','honggd','두번쨰채팅(홍길동)',to_date('22/01/23','RR/MM/DD'),0);
Insert into CHAT_HISTORY (CHAT_ROOM_ID,SENDER_ID,MESSAGE,SEND_DATE,READ_CHECK) values ('b29a0686-a9a2-4cb3-986e-6ffc9b141a58','sinsa','texst2',to_date('22/01/24','RR/MM/DD'),0);
Insert into CHAT_HISTORY (CHAT_ROOM_ID,SENDER_ID,MESSAGE,SEND_DATE,READ_CHECK) values ('b29a0686-a9a2-4cb3-986e-6ffc9b141a58','sinsa','texst2asd',to_date('22/01/24','RR/MM/DD'),0);
Insert into CHAT_HISTORY (CHAT_ROOM_ID,SENDER_ID,MESSAGE,SEND_DATE,READ_CHECK) values ('b29a0686-a9a2-4cb3-986e-6ffc9b141a58','sinsa','홍홍',to_date('22/01/24','RR/MM/DD'),0);
Insert into CHAT_HISTORY (CHAT_ROOM_ID,SENDER_ID,MESSAGE,SEND_DATE,READ_CHECK) values ('e4d5ac82-e48a-4f6f-8288-5e3d2c8402f3','sinsa','chatMain44',to_date('22/01/24','RR/MM/DD'),0);
Insert into CHAT_HISTORY (CHAT_ROOM_ID,SENDER_ID,MESSAGE,SEND_DATE,READ_CHECK) values ('e4d5ac82-e48a-4f6f-8288-5e3d2c8402f3','honggd','chatMaingfh',to_date('22/01/27','RR/MM/DD'),0);
Insert into CHAT_HISTORY (CHAT_ROOM_ID,SENDER_ID,MESSAGE,SEND_DATE,READ_CHECK) values ('e4d5ac82-e48a-4f6f-8288-5e3d2c8402f3','honggd','새로운알림테스트',to_date('22/02/02','RR/MM/DD'),0);
Insert into CHAT_HISTORY (CHAT_ROOM_ID,SENDER_ID,MESSAGE,SEND_DATE,READ_CHECK) values ('e4d5ac82-e48a-4f6f-8288-5e3d2c8402f3','honggd','알림테스트4',to_date('22/02/03','RR/MM/DD'),0);
Insert into CHAT_HISTORY (CHAT_ROOM_ID,SENDER_ID,MESSAGE,SEND_DATE,READ_CHECK) values ('e4d5ac82-e48a-4f6f-8288-5e3d2c8402f3','honggd','ㅇ알ㄹ마5',to_date('22/02/03','RR/MM/DD'),0);
Insert into CHAT_HISTORY (CHAT_ROOM_ID,SENDER_ID,MESSAGE,SEND_DATE,READ_CHECK) values ('e4d5ac82-e48a-4f6f-8288-5e3d2c8402f3','honggd','ㅇ알ㄹ마6',to_date('22/02/03','RR/MM/DD'),0);
Insert into CHAT_HISTORY (CHAT_ROOM_ID,SENDER_ID,MESSAGE,SEND_DATE,READ_CHECK) values ('e4d5ac82-e48a-4f6f-8288-5e3d2c8402f3','sinsa','스크롤테스트',to_date('22/02/03','RR/MM/DD'),0);
Insert into CHAT_HISTORY (CHAT_ROOM_ID,SENDER_ID,MESSAGE,SEND_DATE,READ_CHECK) values ('e4d5ac82-e48a-4f6f-8288-5e3d2c8402f3','sinsa','스크롤테스트2',to_date('22/02/03','RR/MM/DD'),0);
Insert into CHAT_HISTORY (CHAT_ROOM_ID,SENDER_ID,MESSAGE,SEND_DATE,READ_CHECK) values ('e4d5ac82-e48a-4f6f-8288-5e3d2c8402f3','sinsa','넌왜',to_date('22/02/03','RR/MM/DD'),0);
Insert into CHAT_HISTORY (CHAT_ROOM_ID,SENDER_ID,MESSAGE,SEND_DATE,READ_CHECK) values ('e4d5ac82-e48a-4f6f-8288-5e3d2c8402f3','sinsa','전송테스트',to_date('22/02/03','RR/MM/DD'),0);
Insert into CHAT_HISTORY (CHAT_ROOM_ID,SENDER_ID,MESSAGE,SEND_DATE,READ_CHECK) values ('e4d5ac82-e48a-4f6f-8288-5e3d2c8402f3','sinsa','전송테스트2',to_date('22/02/03','RR/MM/DD'),0);
Insert into CHAT_HISTORY (CHAT_ROOM_ID,SENDER_ID,MESSAGE,SEND_DATE,READ_CHECK) values ('e4d5ac82-e48a-4f6f-8288-5e3d2c8402f3','sinsa','스크롤테스트3',to_date('22/02/03','RR/MM/DD'),0);
Insert into CHAT_HISTORY (CHAT_ROOM_ID,SENDER_ID,MESSAGE,SEND_DATE,READ_CHECK) values ('e4d5ac82-e48a-4f6f-8288-5e3d2c8402f3','sinsa','스크롤테스트4',to_date('22/02/03','RR/MM/DD'),0);
Insert into CHAT_HISTORY (CHAT_ROOM_ID,SENDER_ID,MESSAGE,SEND_DATE,READ_CHECK) values ('e4d5ac82-e48a-4f6f-8288-5e3d2c8402f3','sinsa','내려봐1',to_date('22/02/03','RR/MM/DD'),0);
Insert into CHAT_HISTORY (CHAT_ROOM_ID,SENDER_ID,MESSAGE,SEND_DATE,READ_CHECK) values ('e4d5ac82-e48a-4f6f-8288-5e3d2c8402f3','sinsa','내려봐2',to_date('22/02/03','RR/MM/DD'),0);
Insert into CHAT_HISTORY (CHAT_ROOM_ID,SENDER_ID,MESSAGE,SEND_DATE,READ_CHECK) values ('e4d5ac82-e48a-4f6f-8288-5e3d2c8402f3','sinsa','채팅비우기',to_date('22/02/03','RR/MM/DD'),0);
Insert into CHAT_HISTORY (CHAT_ROOM_ID,SENDER_ID,MESSAGE,SEND_DATE,READ_CHECK) values ('ed6773ae-0039-4410-a452-2b7e9c90afcf','bookit','체크인 : 2022-02-15
 체크아웃 : 2022-02-15
 대여 신청완료',to_date('22/02/15','RR/MM/DD'),0);
Insert into CHAT_HISTORY (CHAT_ROOM_ID,SENDER_ID,MESSAGE,SEND_DATE,READ_CHECK) values ('f5ebb523-646a-483b-ba6b-b49da8242b24','sinsa','오호호호',to_date('22/02/16','RR/MM/DD'),0);
Insert into CHAT_HISTORY (CHAT_ROOM_ID,SENDER_ID,MESSAGE,SEND_DATE,READ_CHECK) values ('e4d5ac82-e48a-4f6f-8288-5e3d2c8402f3','sinsa','안녕 길동이',to_date('22/02/16','RR/MM/DD'),0);
Insert into CHAT_HISTORY (CHAT_ROOM_ID,SENDER_ID,MESSAGE,SEND_DATE,READ_CHECK) values ('e4d5ac82-e48a-4f6f-8288-5e3d2c8402f3','sinsa','신사당',to_date('22/02/16','RR/MM/DD'),0);
Insert into CHAT_HISTORY (CHAT_ROOM_ID,SENDER_ID,MESSAGE,SEND_DATE,READ_CHECK) values ('e4d5ac82-e48a-4f6f-8288-5e3d2c8402f3','sinsa','캬컄ㅋㅋㅋㅋㅋㅋㅋㅋㅋㅋㅋㅋㅋㅋㅋ',to_date('22/02/16','RR/MM/DD'),0);
Insert into CHAT_HISTORY (CHAT_ROOM_ID,SENDER_ID,MESSAGE,SEND_DATE,READ_CHECK) values ('e4d5ac82-e48a-4f6f-8288-5e3d2c8402f3','sinsa','룰루룰ㄹㄹ',to_date('22/02/16','RR/MM/DD'),0);
Insert into CHAT_HISTORY (CHAT_ROOM_ID,SENDER_ID,MESSAGE,SEND_DATE,READ_CHECK) values ('f5ebb523-646a-483b-ba6b-b49da8242b24','sinsa','메롱메롱',to_date('22/02/16','RR/MM/DD'),0);
Insert into CHAT_HISTORY (CHAT_ROOM_ID,SENDER_ID,MESSAGE,SEND_DATE,READ_CHECK) values ('8a39521a-2c7e-46d2-8fad-6a105135f2ae','bookit','체크인 : 2022-02-18
 체크아웃 : 2022-02-19
 도서 : 개미 5년, 세후 55억
 대여 신청 완료',to_date('22/02/16','RR/MM/DD'),0);
Insert into CHAT_HISTORY (CHAT_ROOM_ID,SENDER_ID,MESSAGE,SEND_DATE,READ_CHECK) values ('ed6773ae-0039-4410-a452-2b7e9c90afcf','bookit','체크인 : 2022-02-18
 체크아웃 : 2022-02-19
 도서 : 개미 5년, 세후 55억
 대여자 : 바이엉
 대여 신청 완료',to_date('22/02/16','RR/MM/DD'),0);
Insert into CHAT_HISTORY (CHAT_ROOM_ID,SENDER_ID,MESSAGE,SEND_DATE,READ_CHECK) values ('8a39521a-2c7e-46d2-8fad-6a105135f2ae','bookit','체크인 : 2022-02-16
 체크아웃 : 2022-02-17
 도서 : 호빗
 대여 신청 완료',to_date('22/02/16','RR/MM/DD'),0);
Insert into CHAT_HISTORY (CHAT_ROOM_ID,SENDER_ID,MESSAGE,SEND_DATE,READ_CHECK) values ('ed6773ae-0039-4410-a452-2b7e9c90afcf','bookit','체크인 : 2022-02-16
 체크아웃 : 2022-02-17
 도서 : 호빗
 대여자 : 바이엉
 대여 신청 완료',to_date('22/02/16','RR/MM/DD'),0);
Insert into CHAT_HISTORY (CHAT_ROOM_ID,SENDER_ID,MESSAGE,SEND_DATE,READ_CHECK) values ('e4d5ac82-e48a-4f6f-8288-5e3d2c8402f3','sinsa','구독테스트',to_date('22/01/28','RR/MM/DD'),0);
Insert into CHAT_HISTORY (CHAT_ROOM_ID,SENDER_ID,MESSAGE,SEND_DATE,READ_CHECK) values ('e4d5ac82-e48a-4f6f-8288-5e3d2c8402f3','sinsa','구독테스트',to_date('22/01/28','RR/MM/DD'),0);
Insert into CHAT_HISTORY (CHAT_ROOM_ID,SENDER_ID,MESSAGE,SEND_DATE,READ_CHECK) values ('e4d5ac82-e48a-4f6f-8288-5e3d2c8402f3','honggd','새로운알림테스ㅡ트2',to_date('22/02/02','RR/MM/DD'),0);
Insert into CHAT_HISTORY (CHAT_ROOM_ID,SENDER_ID,MESSAGE,SEND_DATE,READ_CHECK) values ('e4d5ac82-e48a-4f6f-8288-5e3d2c8402f3','honggd','알림테스트3',to_date('22/02/02','RR/MM/DD'),0);
Insert into CHAT_HISTORY (CHAT_ROOM_ID,SENDER_ID,MESSAGE,SEND_DATE,READ_CHECK) values ('e4d5ac82-e48a-4f6f-8288-5e3d2c8402f3','sinsa','엔터키테스트',to_date('22/02/04','RR/MM/DD'),0);
Insert into CHAT_HISTORY (CHAT_ROOM_ID,SENDER_ID,MESSAGE,SEND_DATE,READ_CHECK) values ('e4d5ac82-e48a-4f6f-8288-5e3d2c8402f3','sinsa','엔터와 스크롤테스트',to_date('22/02/04','RR/MM/DD'),0);
Insert into CHAT_HISTORY (CHAT_ROOM_ID,SENDER_ID,MESSAGE,SEND_DATE,READ_CHECK) values ('b29a0686-a9a2-4cb3-986e-6ffc9b141a58','sinsa','chatMain',to_date('22/02/04','RR/MM/DD'),0);
Insert into CHAT_HISTORY (CHAT_ROOM_ID,SENDER_ID,MESSAGE,SEND_DATE,READ_CHECK) values ('e4d5ac82-e48a-4f6f-8288-5e3d2c8402f3','sinsa','채팅알람테스트',to_date('22/02/04','RR/MM/DD'),0);
Insert into CHAT_HISTORY (CHAT_ROOM_ID,SENDER_ID,MESSAGE,SEND_DATE,READ_CHECK) values ('e4d5ac82-e48a-4f6f-8288-5e3d2c8402f3','honggd','홍길동이',to_date('22/02/04','RR/MM/DD'),0);
Insert into CHAT_HISTORY (CHAT_ROOM_ID,SENDER_ID,MESSAGE,SEND_DATE,READ_CHECK) values ('4a782b46-c0b8-4edc-8c4f-7b87bdd8f29d','honggd','중고거래 게시판보고 채팅드립니다.',to_date('22/02/15','RR/MM/DD'),0);
Insert into CHAT_HISTORY (CHAT_ROOM_ID,SENDER_ID,MESSAGE,SEND_DATE,READ_CHECK) values ('8a39521a-2c7e-46d2-8fad-6a105135f2ae','bookit','체크인 : 2022-02-16
 체크아웃 : 2022-02-17
 도서 : 개미 5년, 세후 55억
 대여 신청 완료',to_date('22/02/16','RR/MM/DD'),0);
Insert into CHAT_HISTORY (CHAT_ROOM_ID,SENDER_ID,MESSAGE,SEND_DATE,READ_CHECK) values ('ed6773ae-0039-4410-a452-2b7e9c90afcf','bookit','체크인 : 2022-02-16
 체크아웃 : 2022-02-17
 도서 : 개미 5년, 세후 55억
 대여자 : 바이엉
 대여 신청 완료',to_date('22/02/16','RR/MM/DD'),0);
Insert into CHAT_HISTORY (CHAT_ROOM_ID,SENDER_ID,MESSAGE,SEND_DATE,READ_CHECK) values ('8a39521a-2c7e-46d2-8fad-6a105135f2ae','bookit','체크인 : 2022-02-16
 체크아웃 : 2022-02-17
 도서 : 개미 5년, 세후 55억
 대여 신청 완료',to_date('22/02/16','RR/MM/DD'),0);
Insert into CHAT_HISTORY (CHAT_ROOM_ID,SENDER_ID,MESSAGE,SEND_DATE,READ_CHECK) values ('ed6773ae-0039-4410-a452-2b7e9c90afcf','bookit','체크인 : 2022-02-16
 체크아웃 : 2022-02-17
 도서 : 개미 5년, 세후 55억
 대여자 : 바이엉
 대여 신청 완료',to_date('22/02/16','RR/MM/DD'),0);
Insert into CHAT_HISTORY (CHAT_ROOM_ID,SENDER_ID,MESSAGE,SEND_DATE,READ_CHECK) values ('8a39521a-2c7e-46d2-8fad-6a105135f2ae','bookit','체크인 : 2022-02-24
 체크아웃 : 2022-02-28
 도서 : 호빗
 대여 신청 완료',to_date('22/02/16','RR/MM/DD'),0);
Insert into CHAT_HISTORY (CHAT_ROOM_ID,SENDER_ID,MESSAGE,SEND_DATE,READ_CHECK) values ('ed6773ae-0039-4410-a452-2b7e9c90afcf','bookit','체크인 : 2022-02-24
 체크아웃 : 2022-02-28
 도서 : 호빗
 대여자 : 바이엉
 대여 신청 완료',to_date('22/02/16','RR/MM/DD'),0);
Insert into CHAT_HISTORY (CHAT_ROOM_ID,SENDER_ID,MESSAGE,SEND_DATE,READ_CHECK) values ('e4d5ac82-e48a-4f6f-8288-5e3d2c8402f3','honggd','안녕하세요 신사님',to_date('22/02/16','RR/MM/DD'),0);
Insert into CHAT_HISTORY (CHAT_ROOM_ID,SENDER_ID,MESSAGE,SEND_DATE,READ_CHECK) values ('1ca08814-a6ca-455b-afed-e67abc37b6d4','chart1','안녕하세요 신사임당님',to_date('22/02/16','RR/MM/DD'),0);
Insert into CHAT_HISTORY (CHAT_ROOM_ID,SENDER_ID,MESSAGE,SEND_DATE,READ_CHECK) values ('1ca08814-a6ca-455b-afed-e67abc37b6d4','chart1','잘지내셧나요?',to_date('22/02/16','RR/MM/DD'),0);
Insert into CHAT_HISTORY (CHAT_ROOM_ID,SENDER_ID,MESSAGE,SEND_DATE,READ_CHECK) values ('1ca08814-a6ca-455b-afed-e67abc37b6d4','chart1','보고싶습니다',to_date('22/02/16','RR/MM/DD'),0);
Insert into CHAT_HISTORY (CHAT_ROOM_ID,SENDER_ID,MESSAGE,SEND_DATE,READ_CHECK) values ('1ca08814-a6ca-455b-afed-e67abc37b6d4','sinsa','네 안녕하세요',to_date('22/02/16','RR/MM/DD'),0);
Insert into CHAT_HISTORY (CHAT_ROOM_ID,SENDER_ID,MESSAGE,SEND_DATE,READ_CHECK) values ('1ca08814-a6ca-455b-afed-e67abc37b6d4','sinsa','반갑습니다',to_date('22/02/16','RR/MM/DD'),0);
Insert into CHAT_HISTORY (CHAT_ROOM_ID,SENDER_ID,MESSAGE,SEND_DATE,READ_CHECK) values ('1ca08814-a6ca-455b-afed-e67abc37b6d4','sinsa','오랜만이에요',to_date('22/02/16','RR/MM/DD'),0);
Insert into CHAT_HISTORY (CHAT_ROOM_ID,SENDER_ID,MESSAGE,SEND_DATE,READ_CHECK) values ('1ca08814-a6ca-455b-afed-e67abc37b6d4','chart1','언제한번 만날까요?',to_date('22/02/16','RR/MM/DD'),0);
Insert into CHAT_HISTORY (CHAT_ROOM_ID,SENDER_ID,MESSAGE,SEND_DATE,READ_CHECK) values ('f09919c5-6d25-4ed2-897b-2b35378e3311','sinsa','민준님 안녕하세요 신사임당입니다',to_date('22/02/16','RR/MM/DD'),0);
Insert into CHAT_HISTORY (CHAT_ROOM_ID,SENDER_ID,MESSAGE,SEND_DATE,READ_CHECK) values ('f09919c5-6d25-4ed2-897b-2b35378e3311','cwfgw04','신사임당님 안녕하세요',to_date('22/02/16','RR/MM/DD'),0);
Insert into CHAT_HISTORY (CHAT_ROOM_ID,SENDER_ID,MESSAGE,SEND_DATE,READ_CHECK) values ('1ca08814-a6ca-455b-afed-e67abc37b6d4','chart1','저는 아무때나좋아요',to_date('22/02/16','RR/MM/DD'),0);
Insert into CHAT_HISTORY (CHAT_ROOM_ID,SENDER_ID,MESSAGE,SEND_DATE,READ_CHECK) values ('1ca08814-a6ca-455b-afed-e67abc37b6d4','chart1','꼭만나주세요',to_date('22/02/16','RR/MM/DD'),0);
Insert into CHAT_HISTORY (CHAT_ROOM_ID,SENDER_ID,MESSAGE,SEND_DATE,READ_CHECK) values ('9df6485f-c615-4fc0-922d-2d9c3238cb64','honggd','민준이님 맞으신가요?',to_date('22/02/16','RR/MM/DD'),0);
Insert into CHAT_HISTORY (CHAT_ROOM_ID,SENDER_ID,MESSAGE,SEND_DATE,READ_CHECK) values ('1ca08814-a6ca-455b-afed-e67abc37b6d4','chart1','기다릴게요...',to_date('22/02/16','RR/MM/DD'),0);
Insert into CHAT_HISTORY (CHAT_ROOM_ID,SENDER_ID,MESSAGE,SEND_DATE,READ_CHECK) values ('4f95341e-0831-4504-b5c8-a62badb053ad','xsfrs85','민준님 안녕하세요?',to_date('22/02/16','RR/MM/DD'),0);
Insert into CHAT_HISTORY (CHAT_ROOM_ID,SENDER_ID,MESSAGE,SEND_DATE,READ_CHECK) values ('4f95341e-0831-4504-b5c8-a62badb053ad','cwfgw04','수아님 맞으신가요?',to_date('22/02/16','RR/MM/DD'),1);
Insert into CHAT_HISTORY (CHAT_ROOM_ID,SENDER_ID,MESSAGE,SEND_DATE,READ_CHECK) values ('4f95341e-0831-4504-b5c8-a62badb053ad','xsfrs85','네 맞아요',to_date('22/02/16','RR/MM/DD'),1);
Insert into CHAT_HISTORY (CHAT_ROOM_ID,SENDER_ID,MESSAGE,SEND_DATE,READ_CHECK) values ('b29a0686-a9a2-4cb3-986e-6ffc9b141a58','sinsa','chatMain',to_date('22/01/24','RR/MM/DD'),0);
Insert into CHAT_HISTORY (CHAT_ROOM_ID,SENDER_ID,MESSAGE,SEND_DATE,READ_CHECK) values ('e4d5ac82-e48a-4f6f-8288-5e3d2c8402f3','sinsa','chatMain33',to_date('22/01/24','RR/MM/DD'),0);
Insert into CHAT_HISTORY (CHAT_ROOM_ID,SENDER_ID,MESSAGE,SEND_DATE,READ_CHECK) values ('b29a0686-a9a2-4cb3-986e-6ffc9b141a58','sinsa','chatMain',to_date('22/01/28','RR/MM/DD'),0);
Insert into CHAT_HISTORY (CHAT_ROOM_ID,SENDER_ID,MESSAGE,SEND_DATE,READ_CHECK) values ('b29a0686-a9a2-4cb3-986e-6ffc9b141a58','sinsa','gdgd',to_date('22/01/28','RR/MM/DD'),0);
Insert into CHAT_HISTORY (CHAT_ROOM_ID,SENDER_ID,MESSAGE,SEND_DATE,READ_CHECK) values ('b29a0686-a9a2-4cb3-986e-6ffc9b141a58','sinsa','again',to_date('22/01/28','RR/MM/DD'),0);
Insert into CHAT_HISTORY (CHAT_ROOM_ID,SENDER_ID,MESSAGE,SEND_DATE,READ_CHECK) values ('b29a0686-a9a2-4cb3-986e-6ffc9b141a58','sinsa','제발이번엔',to_date('22/01/28','RR/MM/DD'),0);
Insert into CHAT_HISTORY (CHAT_ROOM_ID,SENDER_ID,MESSAGE,SEND_DATE,READ_CHECK) values ('b29a0686-a9a2-4cb3-986e-6ffc9b141a58','sinsa','되라',to_date('22/01/28','RR/MM/DD'),0);
Insert into CHAT_HISTORY (CHAT_ROOM_ID,SENDER_ID,MESSAGE,SEND_DATE,READ_CHECK) values ('e4d5ac82-e48a-4f6f-8288-5e3d2c8402f3','sinsa','너도이번엔되라',to_date('22/01/28','RR/MM/DD'),0);
Insert into CHAT_HISTORY (CHAT_ROOM_ID,SENDER_ID,MESSAGE,SEND_DATE,READ_CHECK) values ('e4d5ac82-e48a-4f6f-8288-5e3d2c8402f3','sinsa','홍길동하이',to_date('22/01/28','RR/MM/DD'),0);
Insert into CHAT_HISTORY (CHAT_ROOM_ID,SENDER_ID,MESSAGE,SEND_DATE,READ_CHECK) values ('e4d5ac82-e48a-4f6f-8288-5e3d2c8402f3','sinsa','asdasd',to_date('22/01/28','RR/MM/DD'),0);
Insert into CHAT_HISTORY (CHAT_ROOM_ID,SENDER_ID,MESSAGE,SEND_DATE,READ_CHECK) values ('e4d5ac82-e48a-4f6f-8288-5e3d2c8402f3','sinsa','afsdfsadf',to_date('22/01/28','RR/MM/DD'),0);
Insert into CHAT_HISTORY (CHAT_ROOM_ID,SENDER_ID,MESSAGE,SEND_DATE,READ_CHECK) values ('e4d5ac82-e48a-4f6f-8288-5e3d2c8402f3','honggd','나왔어',to_date('22/02/01','RR/MM/DD'),0);
Insert into CHAT_HISTORY (CHAT_ROOM_ID,SENDER_ID,MESSAGE,SEND_DATE,READ_CHECK) values ('b29a0686-a9a2-4cb3-986e-6ffc9b141a58','sinsa','에이비시디',to_date('22/02/07','RR/MM/DD'),0);
Insert into CHAT_HISTORY (CHAT_ROOM_ID,SENDER_ID,MESSAGE,SEND_DATE,READ_CHECK) values ('df5e1b82-9a1f-4a77-a07e-3853131bf6f4','sinsa','커뮤니티보고 채팅드립니당',to_date('22/02/08','RR/MM/DD'),0);
Insert into CHAT_HISTORY (CHAT_ROOM_ID,SENDER_ID,MESSAGE,SEND_DATE,READ_CHECK) values ('df5e1b82-9a1f-4a77-a07e-3853131bf6f4','admin','dsaffads',to_date('22/02/15','RR/MM/DD'),0);
Insert into CHAT_HISTORY (CHAT_ROOM_ID,SENDER_ID,MESSAGE,SEND_DATE,READ_CHECK) values ('bcfd3916-c746-4bea-87bf-b97bd2e6efb5','admin','ss',to_date('22/02/15','RR/MM/DD'),0);
Insert into CHAT_HISTORY (CHAT_ROOM_ID,SENDER_ID,MESSAGE,SEND_DATE,READ_CHECK) values ('4a782b46-c0b8-4edc-8c4f-7b87bdd8f29d','admin','ss',to_date('22/02/15','RR/MM/DD'),0);
Insert into CHAT_HISTORY (CHAT_ROOM_ID,SENDER_ID,MESSAGE,SEND_DATE,READ_CHECK) values ('3d07018f-7483-43b3-9d8a-e7f73448601c','bookit','체크인 : 2022-02-16
 체크아웃 : 2022-02-16
 책 : 개미 1 (양장) - 제1부 개미
 대여 신청완료',to_date('22/02/15','RR/MM/DD'),0);
Insert into CHAT_HISTORY (CHAT_ROOM_ID,SENDER_ID,MESSAGE,SEND_DATE,READ_CHECK) values ('8a39521a-2c7e-46d2-8fad-6a105135f2ae','bookit','체크인 : 2022-02-15
 체크아웃 : 2022-02-16
 도서 : 개미 5년, 세후 55억
 대여 신청 완료',to_date('22/02/15','RR/MM/DD'),0);
Insert into CHAT_HISTORY (CHAT_ROOM_ID,SENDER_ID,MESSAGE,SEND_DATE,READ_CHECK) values ('ed6773ae-0039-4410-a452-2b7e9c90afcf','bookit','체크인 : 2022-02-15
 체크아웃 : 2022-02-16
 도서 : 개미 5년, 세후 55억
 대여자 : 바이엉
 대여 신청 완료',to_date('22/02/15','RR/MM/DD'),0);
Insert into CHAT_HISTORY (CHAT_ROOM_ID,SENDER_ID,MESSAGE,SEND_DATE,READ_CHECK) values ('8a39521a-2c7e-46d2-8fad-6a105135f2ae','bookit','체크인 : 2022-02-15
 체크아웃 : 2022-02-16
 도서 : 개미 5년, 세후 55억
 대여 신청 완료',to_date('22/02/15','RR/MM/DD'),0);
Insert into CHAT_HISTORY (CHAT_ROOM_ID,SENDER_ID,MESSAGE,SEND_DATE,READ_CHECK) values ('ed6773ae-0039-4410-a452-2b7e9c90afcf','bookit','체크인 : 2022-02-15
 체크아웃 : 2022-02-16
 도서 : 개미 5년, 세후 55억
 대여자 : 바이엉
 대여 신청 완료',to_date('22/02/15','RR/MM/DD'),0);
Insert into CHAT_HISTORY (CHAT_ROOM_ID,SENDER_ID,MESSAGE,SEND_DATE,READ_CHECK) values ('ce2307c6-8814-422f-af17-cbb64986809b','bookit','체크인 : 2022-02-15
 체크아웃 : 2022-02-16
 도서 : 몽실 언니 - 권정생 소년소설, 개정판
 대여 신청 완료',to_date('22/02/15','RR/MM/DD'),0);
Insert into CHAT_HISTORY (CHAT_ROOM_ID,SENDER_ID,MESSAGE,SEND_DATE,READ_CHECK) values ('b97e5411-a90f-4232-a0a2-9a51eb2ff295','bookit','체크인 : 2022-02-15
 체크아웃 : 2022-02-16
 도서 : 몽실 언니 - 권정생 소년소설, 개정판
 대여자 : 하은3718
 대여 신청 완료',to_date('22/02/15','RR/MM/DD'),0);
Insert into CHAT_HISTORY (CHAT_ROOM_ID,SENDER_ID,MESSAGE,SEND_DATE,READ_CHECK) values ('8a39521a-2c7e-46d2-8fad-6a105135f2ae','bookit','체크인 : 2022-03-09
 체크아웃 : 2022-03-11
 도서 : 개미 5년, 세후 55억
 대여 신청 완료',to_date('22/02/16','RR/MM/DD'),0);
Insert into CHAT_HISTORY (CHAT_ROOM_ID,SENDER_ID,MESSAGE,SEND_DATE,READ_CHECK) values ('ed6773ae-0039-4410-a452-2b7e9c90afcf','bookit','체크인 : 2022-03-09
 체크아웃 : 2022-03-11
 도서 : 개미 5년, 세후 55억
 대여자 : 바이엉
 대여 신청 완료',to_date('22/02/16','RR/MM/DD'),0);
Insert into CHAT_HISTORY (CHAT_ROOM_ID,SENDER_ID,MESSAGE,SEND_DATE,READ_CHECK) values ('8a39521a-2c7e-46d2-8fad-6a105135f2ae','bookit','체크인 : 2022-06-23
 체크아웃 : 2022-06-30
 도서 : 개미 5년, 세후 55억
 대여 신청 완료',to_date('22/02/16','RR/MM/DD'),0);
Insert into CHAT_HISTORY (CHAT_ROOM_ID,SENDER_ID,MESSAGE,SEND_DATE,READ_CHECK) values ('ed6773ae-0039-4410-a452-2b7e9c90afcf','bookit','체크인 : 2022-06-23
 체크아웃 : 2022-06-30
 도서 : 개미 5년, 세후 55억
 대여자 : 바이엉
 대여 신청 완료',to_date('22/02/16','RR/MM/DD'),0);
Insert into CHAT_HISTORY (CHAT_ROOM_ID,SENDER_ID,MESSAGE,SEND_DATE,READ_CHECK) values ('f5ebb523-646a-483b-ba6b-b49da8242b24','sinsa','안녕하세융',to_date('22/02/04','RR/MM/DD'),0);
Insert into CHAT_HISTORY (CHAT_ROOM_ID,SENDER_ID,MESSAGE,SEND_DATE,READ_CHECK) values ('f5ebb523-646a-483b-ba6b-b49da8242b24','qwerty','하이여',to_date('22/02/04','RR/MM/DD'),0);
Insert into CHAT_HISTORY (CHAT_ROOM_ID,SENDER_ID,MESSAGE,SEND_DATE,READ_CHECK) values ('bcfd3916-c746-4bea-87bf-b97bd2e6efb5','chart1','agag',to_date('22/02/08','RR/MM/DD'),0);
Insert into CHAT_HISTORY (CHAT_ROOM_ID,SENDER_ID,MESSAGE,SEND_DATE,READ_CHECK) values ('bcfd3916-c746-4bea-87bf-b97bd2e6efb5','admin','gdgd',to_date('22/02/08','RR/MM/DD'),0);
Insert into CHAT_HISTORY (CHAT_ROOM_ID,SENDER_ID,MESSAGE,SEND_DATE,READ_CHECK) values ('ce2307c6-8814-422f-af17-cbb64986809b','bookit','체크인 : 2022-02-15
 체크아웃 : 2022-02-17
 대여 신청완료',to_date('22/02/15','RR/MM/DD'),0);
Insert into CHAT_HISTORY (CHAT_ROOM_ID,SENDER_ID,MESSAGE,SEND_DATE,READ_CHECK) values ('8a39521a-2c7e-46d2-8fad-6a105135f2ae','bookit','체크인 : 2022-02-16
 체크아웃 : 2022-02-16
 도서 : 개미 5년, 세후 55억
 대여 신청 완료',to_date('22/02/15','RR/MM/DD'),0);
Insert into CHAT_HISTORY (CHAT_ROOM_ID,SENDER_ID,MESSAGE,SEND_DATE,READ_CHECK) values ('ed6773ae-0039-4410-a452-2b7e9c90afcf','bookit','체크인 : 2022-02-16
 체크아웃 : 2022-02-16
 도서 : 개미 5년, 세후 55억
 대여자 : 바이엉
 대여 신청 완료',to_date('22/02/15','RR/MM/DD'),0);
Insert into CHAT_HISTORY (CHAT_ROOM_ID,SENDER_ID,MESSAGE,SEND_DATE,READ_CHECK) values ('ed6773ae-0039-4410-a452-2b7e9c90afcf','bookit','체크인 : 2022-02-23
 체크아웃 : 2022-02-24
 도서 : 우리들의 일그러진 영웅
 대여 신청 완료',to_date('22/02/16','RR/MM/DD'),0);
Insert into CHAT_HISTORY (CHAT_ROOM_ID,SENDER_ID,MESSAGE,SEND_DATE,READ_CHECK) values ('8a39521a-2c7e-46d2-8fad-6a105135f2ae','bookit','체크인 : 2022-02-23
 체크아웃 : 2022-02-24
 도서 : 우리들의 일그러진 영웅
 대여자 : 신사당
 대여 신청 완료',to_date('22/02/16','RR/MM/DD'),0);
Insert into CHAT_HISTORY (CHAT_ROOM_ID,SENDER_ID,MESSAGE,SEND_DATE,READ_CHECK) values ('e4d5ac82-e48a-4f6f-8288-5e3d2c8402f3','sinsa','안녕하세요 홍길동님 중고거래 게시판보고 연락드립니다.',to_date('22/02/16','RR/MM/DD'),0);
Insert into CHAT_HISTORY (CHAT_ROOM_ID,SENDER_ID,MESSAGE,SEND_DATE,READ_CHECK) values ('e4d5ac82-e48a-4f6f-8288-5e3d2c8402f3','sinsa','2022-02-30에 거래하고 싶은데 가능할까요?',to_date('22/02/16','RR/MM/DD'),0);
Insert into CHAT_HISTORY (CHAT_ROOM_ID,SENDER_ID,MESSAGE,SEND_DATE,READ_CHECK) values ('e4d5ac82-e48a-4f6f-8288-5e3d2c8402f3','honggd','네 장소는 어디가좋을까요?',to_date('22/02/16','RR/MM/DD'),0);
Insert into CHAT_HISTORY (CHAT_ROOM_ID,SENDER_ID,MESSAGE,SEND_DATE,READ_CHECK) values ('e4d5ac82-e48a-4f6f-8288-5e3d2c8402f3','honggd','너무멀면 택배로 거래해요',to_date('22/02/16','RR/MM/DD'),0);
Insert into CHAT_HISTORY (CHAT_ROOM_ID,SENDER_ID,MESSAGE,SEND_DATE,READ_CHECK) values ('e4d5ac82-e48a-4f6f-8288-5e3d2c8402f3','sinsa','서울권이면 직거래 가능합니다',to_date('22/02/16','RR/MM/DD'),0);
Insert into CHAT_HISTORY (CHAT_ROOM_ID,SENDER_ID,MESSAGE,SEND_DATE,READ_CHECK) values ('e4d5ac82-e48a-4f6f-8288-5e3d2c8402f3','honggd','그러면 강남역 20시 정각에 괜찮으신가요?',to_date('22/02/16','RR/MM/DD'),0);
Insert into CHAT_HISTORY (CHAT_ROOM_ID,SENDER_ID,MESSAGE,SEND_DATE,READ_CHECK) values ('e4d5ac82-e48a-4f6f-8288-5e3d2c8402f3','sinsa','네 그때가 좋을거같네요 ',to_date('22/02/16','RR/MM/DD'),0);
Insert into CHAT_HISTORY (CHAT_ROOM_ID,SENDER_ID,MESSAGE,SEND_DATE,READ_CHECK) values ('e4d5ac82-e48a-4f6f-8288-5e3d2c8402f3','sinsa','우리들의 일그러진 영웅 책 맞으시죠?',to_date('22/02/16','RR/MM/DD'),0);
Insert into CHAT_HISTORY (CHAT_ROOM_ID,SENDER_ID,MESSAGE,SEND_DATE,READ_CHECK) values ('e4d5ac82-e48a-4f6f-8288-5e3d2c8402f3','honggd','네 맞습니다 그때 뵙겠습니다 ^^',to_date('22/02/16','RR/MM/DD'),0);
Insert into CHAT_HISTORY (CHAT_ROOM_ID,SENDER_ID,MESSAGE,SEND_DATE,READ_CHECK) values ('ed6773ae-0039-4410-a452-2b7e9c90afcf','bookit','체크인 : 2022-02-16
 체크아웃 : 2022-02-18
 도서 : 투자는 디테일에 있다 - 슈퍼개미 김정환의 투자 바이블
 대여 신청 완료',to_date('22/02/16','RR/MM/DD'),0);
Insert into CHAT_HISTORY (CHAT_ROOM_ID,SENDER_ID,MESSAGE,SEND_DATE,READ_CHECK) values ('8a39521a-2c7e-46d2-8fad-6a105135f2ae','bookit','체크인 : 2022-02-16
 체크아웃 : 2022-02-18
 도서 : 투자는 디테일에 있다 - 슈퍼개미 김정환의 투자 바이블
 대여자 : 신사당
 대여 신청 완료',to_date('22/02/16','RR/MM/DD'),0);
Insert into CHAT_HISTORY (CHAT_ROOM_ID,SENDER_ID,MESSAGE,SEND_DATE,READ_CHECK) values ('ce2307c6-8814-422f-af17-cbb64986809b','bookit','체크인 : 2022-02-16
 체크아웃 : 2022-02-18
 도서 : 나미야 잡화점의 기적
 대여 신청 완료',to_date('22/02/16','RR/MM/DD'),0);
Insert into CHAT_HISTORY (CHAT_ROOM_ID,SENDER_ID,MESSAGE,SEND_DATE,READ_CHECK) values ('b97e5411-a90f-4232-a0a2-9a51eb2ff295','bookit','체크인 : 2022-02-16
 체크아웃 : 2022-02-18
 도서 : 나미야 잡화점의 기적
 대여자 : 하은3718
 대여 신청 완료',to_date('22/02/16','RR/MM/DD'),0);
Insert into CHAT_HISTORY (CHAT_ROOM_ID,SENDER_ID,MESSAGE,SEND_DATE,READ_CHECK) values ('ce2307c6-8814-422f-af17-cbb64986809b','bookit','체크인 : 2022-02-18
 체크아웃 : 2022-02-21
 도서 : 나미야 잡화점의 기적
 대여 신청 완료',to_date('22/02/16','RR/MM/DD'),0);
Insert into CHAT_HISTORY (CHAT_ROOM_ID,SENDER_ID,MESSAGE,SEND_DATE,READ_CHECK) values ('b97e5411-a90f-4232-a0a2-9a51eb2ff295','bookit','체크인 : 2022-02-18
 체크아웃 : 2022-02-21
 도서 : 나미야 잡화점의 기적
 대여자 : 하은3718
 대여 신청 완료',to_date('22/02/16','RR/MM/DD'),1);
REM INSERTING into CHAT_ROOM
SET DEFINE OFF;
Insert into CHAT_ROOM (CHAT_ROOM_ID,CHAT_MEMBER_ID) values ('b29a0686-a9a2-4cb3-986e-6ffc9b141a58','abcde,sinsa');
Insert into CHAT_ROOM (CHAT_ROOM_ID,CHAT_MEMBER_ID) values ('1ca08814-a6ca-455b-afed-e67abc37b6d4','chart1,sinsa');
Insert into CHAT_ROOM (CHAT_ROOM_ID,CHAT_MEMBER_ID) values ('e4d5ac82-e48a-4f6f-8288-5e3d2c8402f3','honggd,sinsa');
Insert into CHAT_ROOM (CHAT_ROOM_ID,CHAT_MEMBER_ID) values ('ed6773ae-0039-4410-a452-2b7e9c90afcf','bookit,sinsa');
Insert into CHAT_ROOM (CHAT_ROOM_ID,CHAT_MEMBER_ID) values ('4a782b46-c0b8-4edc-8c4f-7b87bdd8f29d','admin,honggd');
Insert into CHAT_ROOM (CHAT_ROOM_ID,CHAT_MEMBER_ID) values ('9df6485f-c615-4fc0-922d-2d9c3238cb64','cwfgw04,honggd');
Insert into CHAT_ROOM (CHAT_ROOM_ID,CHAT_MEMBER_ID) values ('13eb8bb8-4b50-4b65-93f2-3bc442922941','null,chart3');
Insert into CHAT_ROOM (CHAT_ROOM_ID,CHAT_MEMBER_ID) values ('f09919c5-6d25-4ed2-897b-2b35378e3311','cwfgw04,sinsa');
Insert into CHAT_ROOM (CHAT_ROOM_ID,CHAT_MEMBER_ID) values ('1ac81a00-0505-4eb7-8d8d-1b07b20a176f','cwfgw04,chart1');
Insert into CHAT_ROOM (CHAT_ROOM_ID,CHAT_MEMBER_ID) values ('13bb6242-8921-44f9-8659-3dc6da175589','honggd,chart1');
Insert into CHAT_ROOM (CHAT_ROOM_ID,CHAT_MEMBER_ID) values ('4f95341e-0831-4504-b5c8-a62badb053ad','cwfgw04,xsfrs85');
Insert into CHAT_ROOM (CHAT_ROOM_ID,CHAT_MEMBER_ID) values ('df5e1b82-9a1f-4a77-a07e-3853131bf6f4','admin,sinsa');
Insert into CHAT_ROOM (CHAT_ROOM_ID,CHAT_MEMBER_ID) values ('3d07018f-7483-43b3-9d8a-e7f73448601c','bookit,honggd');
Insert into CHAT_ROOM (CHAT_ROOM_ID,CHAT_MEMBER_ID) values ('8a39521a-2c7e-46d2-8fad-6a105135f2ae','bookit,buyer1234');
Insert into CHAT_ROOM (CHAT_ROOM_ID,CHAT_MEMBER_ID) values ('b97e5411-a90f-4232-a0a2-9a51eb2ff295','bookit,xuulw79');
Insert into CHAT_ROOM (CHAT_ROOM_ID,CHAT_MEMBER_ID) values ('f5ebb523-646a-483b-ba6b-b49da8242b24','qwerty,sinsa');
Insert into CHAT_ROOM (CHAT_ROOM_ID,CHAT_MEMBER_ID) values ('bcfd3916-c746-4bea-87bf-b97bd2e6efb5','admin,chart1');
Insert into CHAT_ROOM (CHAT_ROOM_ID,CHAT_MEMBER_ID) values ('ce2307c6-8814-422f-af17-cbb64986809b','bookit,eadxx60');
REM INSERTING into COMMUNITY
SET DEFINE OFF;
Insert into COMMUNITY (COMMUNITY_NO,TITLE,CONTENT,REG_DATE,READ_COUNT,CATEGORY,LIKE_COUNT,REPORT_YN,DELETE_YN,MEMBER_ID) values (57,'Postman2','PM',to_date('22/02/08','RR/MM/DD'),0,'사담',0,'N','N','admin');
Insert into COMMUNITY (COMMUNITY_NO,TITLE,CONTENT,REG_DATE,READ_COUNT,CATEGORY,LIKE_COUNT,REPORT_YN,DELETE_YN,MEMBER_ID) values (80,'asdf','asdf',to_date('22/02/09','RR/MM/DD'),0,'사담',0,'N','N','admin');
Insert into COMMUNITY (COMMUNITY_NO,TITLE,CONTENT,REG_DATE,READ_COUNT,CATEGORY,LIKE_COUNT,REPORT_YN,DELETE_YN,MEMBER_ID) values (81,'sdfg','sdgfsfdg',to_date('22/02/09','RR/MM/DD'),0,'도서추천',0,'N','N','admin');
Insert into COMMUNITY (COMMUNITY_NO,TITLE,CONTENT,REG_DATE,READ_COUNT,CATEGORY,LIKE_COUNT,REPORT_YN,DELETE_YN,MEMBER_ID) values (82,'asdfasdf','dfasdfas',to_date('22/02/09','RR/MM/DD'),0,'사담',0,'N','N','admin');
Insert into COMMUNITY (COMMUNITY_NO,TITLE,CONTENT,REG_DATE,READ_COUNT,CATEGORY,LIKE_COUNT,REPORT_YN,DELETE_YN,MEMBER_ID) values (83,'dsf','asdf',to_date('22/02/09','RR/MM/DD'),0,'사담',0,'N','N','admin');
Insert into COMMUNITY (COMMUNITY_NO,TITLE,CONTENT,REG_DATE,READ_COUNT,CATEGORY,LIKE_COUNT,REPORT_YN,DELETE_YN,MEMBER_ID) values (84,'adf','ads',to_date('22/02/09','RR/MM/DD'),0,'사담',0,'N','N','admin');
Insert into COMMUNITY (COMMUNITY_NO,TITLE,CONTENT,REG_DATE,READ_COUNT,CATEGORY,LIKE_COUNT,REPORT_YN,DELETE_YN,MEMBER_ID) values (101,'asd','asd',to_date('22/02/10','RR/MM/DD'),0,'사담',0,'N','N','sinsa');
Insert into COMMUNITY (COMMUNITY_NO,TITLE,CONTENT,REG_DATE,READ_COUNT,CATEGORY,LIKE_COUNT,REPORT_YN,DELETE_YN,MEMBER_ID) values (102,'글만쓰면올라간다','올라간닥',to_date('22/02/10','RR/MM/DD'),1,'사담',0,'N','N','sinsa');
Insert into COMMUNITY (COMMUNITY_NO,TITLE,CONTENT,REG_DATE,READ_COUNT,CATEGORY,LIKE_COUNT,REPORT_YN,DELETE_YN,MEMBER_ID) values (103,'파일올리기','ㅍㅇ',to_date('22/02/10','RR/MM/DD'),1,'사담',0,'N','N','sinsa');
Insert into COMMUNITY (COMMUNITY_NO,TITLE,CONTENT,REG_DATE,READ_COUNT,CATEGORY,LIKE_COUNT,REPORT_YN,DELETE_YN,MEMBER_ID) values (109,'ㅁㅇㄴㄹ','ㅁㅇㄴㄹ',to_date('22/02/12','RR/MM/DD'),4,'사담',0,'N','N','sinsa');
Insert into COMMUNITY (COMMUNITY_NO,TITLE,CONTENT,REG_DATE,READ_COUNT,CATEGORY,LIKE_COUNT,REPORT_YN,DELETE_YN,MEMBER_ID) values (113,'수정','수정한다 ',to_date('22/02/13','RR/MM/DD'),16,'사담',0,'N','Y','sinsa');
Insert into COMMUNITY (COMMUNITY_NO,TITLE,CONTENT,REG_DATE,READ_COUNT,CATEGORY,LIKE_COUNT,REPORT_YN,DELETE_YN,MEMBER_ID) values (123,'도서 추천받습니다 ~ ','인생을 살면서 이 책은 꼭 읽어봐야 된다라는 책 추천해주세요 

그리고 살면서 도움이 될만한 책 추천해주세요 여러 권 추천해주시면 좋을 거 같습니다

저는 이 책이 좋더라고요~',to_date('22/02/16','RR/MM/DD'),72,'도서추천',1,'N','N','honggd');
Insert into COMMUNITY (COMMUNITY_NO,TITLE,CONTENT,REG_DATE,READ_COUNT,CATEGORY,LIKE_COUNT,REPORT_YN,DELETE_YN,MEMBER_ID) values (131,'제발 양심 좀 가지고 책 팝시다;;;','진심 무슨 최상이라고 적어놓고 막상 받으면 ㅋ;; 
고작 몇 천원 더 벌자고 ~ 그렇게 살지 말자 ',to_date('22/02/17','RR/MM/DD'),1,'사담',0,'N','N','sinsa');
Insert into COMMUNITY (COMMUNITY_NO,TITLE,CONTENT,REG_DATE,READ_COUNT,CATEGORY,LIKE_COUNT,REPORT_YN,DELETE_YN,MEMBER_ID) values (32,'수정함','수정했음',to_date('22/02/03','RR/MM/DD'),5,'독서모임',0,'N','Y','qwerty');
Insert into COMMUNITY (COMMUNITY_NO,TITLE,CONTENT,REG_DATE,READ_COUNT,CATEGORY,LIKE_COUNT,REPORT_YN,DELETE_YN,MEMBER_ID) values (42,'포스트맨','뿅',to_date('22/02/07','RR/MM/DD'),0,'사담',0,'N','N','admin');
Insert into COMMUNITY (COMMUNITY_NO,TITLE,CONTENT,REG_DATE,READ_COUNT,CATEGORY,LIKE_COUNT,REPORT_YN,DELETE_YN,MEMBER_ID) values (72,'ㅇㅁㄴㄹ','ㅁㄴㅇㄻㄴㅇㄹ',to_date('22/02/08','RR/MM/DD'),0,'사담',0,'N','N','admin');
Insert into COMMUNITY (COMMUNITY_NO,TITLE,CONTENT,REG_DATE,READ_COUNT,CATEGORY,LIKE_COUNT,REPORT_YN,DELETE_YN,MEMBER_ID) values (73,'테스트~','ㅋㅋ',to_date('22/02/08','RR/MM/DD'),0,'도서추천',0,'N','N','admin');
Insert into COMMUNITY (COMMUNITY_NO,TITLE,CONTENT,REG_DATE,READ_COUNT,CATEGORY,LIKE_COUNT,REPORT_YN,DELETE_YN,MEMBER_ID) values (88,'ㅇ','ㅇ',to_date('22/02/10','RR/MM/DD'),0,'사담',0,'N','N','sinsa');
Insert into COMMUNITY (COMMUNITY_NO,TITLE,CONTENT,REG_DATE,READ_COUNT,CATEGORY,LIKE_COUNT,REPORT_YN,DELETE_YN,MEMBER_ID) values (104,'csr','fcsr',to_date('22/02/10','RR/MM/DD'),0,'사담',0,'N','N','sinsa');
Insert into COMMUNITY (COMMUNITY_NO,TITLE,CONTENT,REG_DATE,READ_COUNT,CATEGORY,LIKE_COUNT,REPORT_YN,DELETE_YN,MEMBER_ID) values (105,'파일올리기','파일올리귀',to_date('22/02/10','RR/MM/DD'),1,'사담',0,'N','N','sinsa');
Insert into COMMUNITY (COMMUNITY_NO,TITLE,CONTENT,REG_DATE,READ_COUNT,CATEGORY,LIKE_COUNT,REPORT_YN,DELETE_YN,MEMBER_ID) values (110,'asdfasdfasdfdasf','sdfadasfsdf',to_date('22/02/12','RR/MM/DD'),21,'사담',1,'N','N','sinsa');
Insert into COMMUNITY (COMMUNITY_NO,TITLE,CONTENT,REG_DATE,READ_COUNT,CATEGORY,LIKE_COUNT,REPORT_YN,DELETE_YN,MEMBER_ID) values (121,'ㅇ','ㅇㅇㅇ',to_date('22/02/15','RR/MM/DD'),14,'사담',0,'N','Y','sinsa');
Insert into COMMUNITY (COMMUNITY_NO,TITLE,CONTENT,REG_DATE,READ_COUNT,CATEGORY,LIKE_COUNT,REPORT_YN,DELETE_YN,MEMBER_ID) values (122,'ㅁㄴㅇㄹ','ㄴㄴㅁㄹ',to_date('22/02/15','RR/MM/DD'),22,'사담',0,'N','Y','sinsa');
Insert into COMMUNITY (COMMUNITY_NO,TITLE,CONTENT,REG_DATE,READ_COUNT,CATEGORY,LIKE_COUNT,REPORT_YN,DELETE_YN,MEMBER_ID) values (127,'ㄴㄴ','ㄴㄴ',to_date('22/02/17','RR/MM/DD'),16,'사담',0,'N','N','sinsa');
Insert into COMMUNITY (COMMUNITY_NO,TITLE,CONTENT,REG_DATE,READ_COUNT,CATEGORY,LIKE_COUNT,REPORT_YN,DELETE_YN,MEMBER_ID) values (3,'제목','내용',to_date('22/02/02','RR/MM/DD'),215,'사담',0,'N','N','admin');
Insert into COMMUNITY (COMMUNITY_NO,TITLE,CONTENT,REG_DATE,READ_COUNT,CATEGORY,LIKE_COUNT,REPORT_YN,DELETE_YN,MEMBER_ID) values (6,'제목33','내용33',to_date('22/02/03','RR/MM/DD'),19,'사담',0,'N','N','admin');
Insert into COMMUNITY (COMMUNITY_NO,TITLE,CONTENT,REG_DATE,READ_COUNT,CATEGORY,LIKE_COUNT,REPORT_YN,DELETE_YN,MEMBER_ID) values (7,'Postman','PM',to_date('22/02/03','RR/MM/DD'),0,'사담',0,'N','N','admin');
Insert into COMMUNITY (COMMUNITY_NO,TITLE,CONTENT,REG_DATE,READ_COUNT,CATEGORY,LIKE_COUNT,REPORT_YN,DELETE_YN,MEMBER_ID) values (8,'제목4','내용4',to_date('22/02/03','RR/MM/DD'),4,'사담',0,'N','N','admin');
Insert into COMMUNITY (COMMUNITY_NO,TITLE,CONTENT,REG_DATE,READ_COUNT,CATEGORY,LIKE_COUNT,REPORT_YN,DELETE_YN,MEMBER_ID) values (10,'제목6','내용6',to_date('22/02/03','RR/MM/DD'),3,'사담',0,'N','N','admin');
Insert into COMMUNITY (COMMUNITY_NO,TITLE,CONTENT,REG_DATE,READ_COUNT,CATEGORY,LIKE_COUNT,REPORT_YN,DELETE_YN,MEMBER_ID) values (11,'제목7','내용7',to_date('22/02/03','RR/MM/DD'),4,'사담',0,'N','N','admin');
Insert into COMMUNITY (COMMUNITY_NO,TITLE,CONTENT,REG_DATE,READ_COUNT,CATEGORY,LIKE_COUNT,REPORT_YN,DELETE_YN,MEMBER_ID) values (12,'제목8','내용8',to_date('22/02/03','RR/MM/DD'),2,'사담',0,'N','Y','admin');
Insert into COMMUNITY (COMMUNITY_NO,TITLE,CONTENT,REG_DATE,READ_COUNT,CATEGORY,LIKE_COUNT,REPORT_YN,DELETE_YN,MEMBER_ID) values (13,'제목9','내용9',to_date('22/02/03','RR/MM/DD'),0,'사담',0,'N','N','admin');
Insert into COMMUNITY (COMMUNITY_NO,TITLE,CONTENT,REG_DATE,READ_COUNT,CATEGORY,LIKE_COUNT,REPORT_YN,DELETE_YN,MEMBER_ID) values (14,'제목10','내용10',to_date('22/02/03','RR/MM/DD'),0,'사담',0,'N','Y','admin');
Insert into COMMUNITY (COMMUNITY_NO,TITLE,CONTENT,REG_DATE,READ_COUNT,CATEGORY,LIKE_COUNT,REPORT_YN,DELETE_YN,MEMBER_ID) values (15,'제목11','내용11',to_date('22/02/03','RR/MM/DD'),0,'사담',0,'N','N','admin');
Insert into COMMUNITY (COMMUNITY_NO,TITLE,CONTENT,REG_DATE,READ_COUNT,CATEGORY,LIKE_COUNT,REPORT_YN,DELETE_YN,MEMBER_ID) values (16,'제목12','내용12',to_date('22/02/03','RR/MM/DD'),0,'사담',0,'N','N','admin');
Insert into COMMUNITY (COMMUNITY_NO,TITLE,CONTENT,REG_DATE,READ_COUNT,CATEGORY,LIKE_COUNT,REPORT_YN,DELETE_YN,MEMBER_ID) values (17,'제목13','내용13',to_date('22/02/03','RR/MM/DD'),0,'사담',0,'N','Y','admin');
Insert into COMMUNITY (COMMUNITY_NO,TITLE,CONTENT,REG_DATE,READ_COUNT,CATEGORY,LIKE_COUNT,REPORT_YN,DELETE_YN,MEMBER_ID) values (18,'제목14','내용14',to_date('22/02/03','RR/MM/DD'),0,'사담',0,'N','N','admin');
Insert into COMMUNITY (COMMUNITY_NO,TITLE,CONTENT,REG_DATE,READ_COUNT,CATEGORY,LIKE_COUNT,REPORT_YN,DELETE_YN,MEMBER_ID) values (21,'제목14','내용14',to_date('22/02/03','RR/MM/DD'),0,'독서모임',0,'N','N','admin');
Insert into COMMUNITY (COMMUNITY_NO,TITLE,CONTENT,REG_DATE,READ_COUNT,CATEGORY,LIKE_COUNT,REPORT_YN,DELETE_YN,MEMBER_ID) values (22,'제목15','내용15',to_date('22/02/03','RR/MM/DD'),0,'독서모임',0,'N','N','admin');
Insert into COMMUNITY (COMMUNITY_NO,TITLE,CONTENT,REG_DATE,READ_COUNT,CATEGORY,LIKE_COUNT,REPORT_YN,DELETE_YN,MEMBER_ID) values (23,'제목16','내용16',to_date('22/02/03','RR/MM/DD'),1,'독서모임',0,'N','N','admin');
Insert into COMMUNITY (COMMUNITY_NO,TITLE,CONTENT,REG_DATE,READ_COUNT,CATEGORY,LIKE_COUNT,REPORT_YN,DELETE_YN,MEMBER_ID) values (24,'제목17','내용17',to_date('22/02/03','RR/MM/DD'),0,'독서모임',0,'N','N','admin');
Insert into COMMUNITY (COMMUNITY_NO,TITLE,CONTENT,REG_DATE,READ_COUNT,CATEGORY,LIKE_COUNT,REPORT_YN,DELETE_YN,MEMBER_ID) values (25,'제목17','내용17',to_date('22/02/03','RR/MM/DD'),0,'도서추천',0,'N','N','admin');
Insert into COMMUNITY (COMMUNITY_NO,TITLE,CONTENT,REG_DATE,READ_COUNT,CATEGORY,LIKE_COUNT,REPORT_YN,DELETE_YN,MEMBER_ID) values (26,'제목18','내용18',to_date('22/02/03','RR/MM/DD'),0,'도서추천',0,'N','N','admin');
Insert into COMMUNITY (COMMUNITY_NO,TITLE,CONTENT,REG_DATE,READ_COUNT,CATEGORY,LIKE_COUNT,REPORT_YN,DELETE_YN,MEMBER_ID) values (27,'제목19','내용19',to_date('22/02/03','RR/MM/DD'),0,'도서추천',0,'N','N','admin');
Insert into COMMUNITY (COMMUNITY_NO,TITLE,CONTENT,REG_DATE,READ_COUNT,CATEGORY,LIKE_COUNT,REPORT_YN,DELETE_YN,MEMBER_ID) values (28,'제목20','내용20',to_date('22/02/03','RR/MM/DD'),0,'도서추천',0,'N','N','admin');
Insert into COMMUNITY (COMMUNITY_NO,TITLE,CONTENT,REG_DATE,READ_COUNT,CATEGORY,LIKE_COUNT,REPORT_YN,DELETE_YN,MEMBER_ID) values (29,'제목21','내용21',to_date('22/02/03','RR/MM/DD'),0,'도서추천',0,'N','N','admin');
Insert into COMMUNITY (COMMUNITY_NO,TITLE,CONTENT,REG_DATE,READ_COUNT,CATEGORY,LIKE_COUNT,REPORT_YN,DELETE_YN,MEMBER_ID) values (30,'제목22','내용22',to_date('22/02/03','RR/MM/DD'),0,'도서추천',0,'N','N','admin');
Insert into COMMUNITY (COMMUNITY_NO,TITLE,CONTENT,REG_DATE,READ_COUNT,CATEGORY,LIKE_COUNT,REPORT_YN,DELETE_YN,MEMBER_ID) values (70,'dsafdsafdas','fdsafsdaf',to_date('22/02/08','RR/MM/DD'),0,'사담',0,'N','N','admin');
Insert into COMMUNITY (COMMUNITY_NO,TITLE,CONTENT,REG_DATE,READ_COUNT,CATEGORY,LIKE_COUNT,REPORT_YN,DELETE_YN,MEMBER_ID) values (74,'파일테스트 ','ㅋㅋ',to_date('22/02/09','RR/MM/DD'),2,'사담',0,'N','N','admin');
Insert into COMMUNITY (COMMUNITY_NO,TITLE,CONTENT,REG_DATE,READ_COUNT,CATEGORY,LIKE_COUNT,REPORT_YN,DELETE_YN,MEMBER_ID) values (106,'ㅁㄻㄴㄻㄴㄻㄴㄻㄴㄹㄴㄹㄴㅁㄻ','ㅁㄴㄻㄴㄻㄴㄻㄴㄻㄴㄹ',to_date('22/02/10','RR/MM/DD'),3,'사담',0,'N','N','sinsa');
Insert into COMMUNITY (COMMUNITY_NO,TITLE,CONTENT,REG_DATE,READ_COUNT,CATEGORY,LIKE_COUNT,REPORT_YN,DELETE_YN,MEMBER_ID) values (107,'ㅇㅁㄴㅇㅁㅇㅁㅇ','ㅁㄴㅇㅁㄴㅇㅁㄴㅇㅁㄴㅁㄴㅇ',to_date('22/02/10','RR/MM/DD'),0,'사담',0,'N','N','sinsa');
Insert into COMMUNITY (COMMUNITY_NO,TITLE,CONTENT,REG_DATE,READ_COUNT,CATEGORY,LIKE_COUNT,REPORT_YN,DELETE_YN,MEMBER_ID) values (111,'dd','sdfgdsfg',to_date('22/02/12','RR/MM/DD'),9,'사담',1,'N','Y','sinsa');
Insert into COMMUNITY (COMMUNITY_NO,TITLE,CONTENT,REG_DATE,READ_COUNT,CATEGORY,LIKE_COUNT,REPORT_YN,DELETE_YN,MEMBER_ID) values (119,'해리포터 다 읽음 ','대존잼 ㅋㅋ ',to_date('22/02/14','RR/MM/DD'),608,'사담',2,'N','N','sinsa');
Insert into COMMUNITY (COMMUNITY_NO,TITLE,CONTENT,REG_DATE,READ_COUNT,CATEGORY,LIKE_COUNT,REPORT_YN,DELETE_YN,MEMBER_ID) values (124,'책 추천해드릴게요','죽고싶지만 떡볶이는 먹고싶어 책 너무 재밋어요!!! 다들 꼭보세요',to_date('22/02/16','RR/MM/DD'),26,'사담',0,'N','N','cwfgw04');
Insert into COMMUNITY (COMMUNITY_NO,TITLE,CONTENT,REG_DATE,READ_COUNT,CATEGORY,LIKE_COUNT,REPORT_YN,DELETE_YN,MEMBER_ID) values (126,'ㅋㅋㅋㅋㅋ 안녕하세요','날이 춥네요 요즘 ',to_date('22/02/17','RR/MM/DD'),52,'사담',1,'N','N','sinsa');
Insert into COMMUNITY (COMMUNITY_NO,TITLE,CONTENT,REG_DATE,READ_COUNT,CATEGORY,LIKE_COUNT,REPORT_YN,DELETE_YN,MEMBER_ID) values (75,'ㄹ','ㄹ',to_date('22/02/09','RR/MM/DD'),0,'사담',0,'N','N','admin');
Insert into COMMUNITY (COMMUNITY_NO,TITLE,CONTENT,REG_DATE,READ_COUNT,CATEGORY,LIKE_COUNT,REPORT_YN,DELETE_YN,MEMBER_ID) values (98,'ㅡ','ㅡㅝ',to_date('22/02/10','RR/MM/DD'),0,'사담',0,'N','N','sinsa');
Insert into COMMUNITY (COMMUNITY_NO,TITLE,CONTENT,REG_DATE,READ_COUNT,CATEGORY,LIKE_COUNT,REPORT_YN,DELETE_YN,MEMBER_ID) values (108,'asfd','adsfadfsfdsa',to_date('22/02/11','RR/MM/DD'),1,'사담',0,'N','N','sinsa');
Insert into COMMUNITY (COMMUNITY_NO,TITLE,CONTENT,REG_DATE,READ_COUNT,CATEGORY,LIKE_COUNT,REPORT_YN,DELETE_YN,MEMBER_ID) values (112,'t','t',to_date('22/02/12','RR/MM/DD'),7,'사담',0,'N','Y','sinsa');
Insert into COMMUNITY (COMMUNITY_NO,TITLE,CONTENT,REG_DATE,READ_COUNT,CATEGORY,LIKE_COUNT,REPORT_YN,DELETE_YN,MEMBER_ID) values (117,'ㄸ','ㄸ',to_date('22/02/13','RR/MM/DD'),12,'사담',0,'N','Y','sinsa');
Insert into COMMUNITY (COMMUNITY_NO,TITLE,CONTENT,REG_DATE,READ_COUNT,CATEGORY,LIKE_COUNT,REPORT_YN,DELETE_YN,MEMBER_ID) values (120,'ss','ss',to_date('22/02/15','RR/MM/DD'),91,'사담',0,'N','Y','admin');
Insert into COMMUNITY (COMMUNITY_NO,TITLE,CONTENT,REG_DATE,READ_COUNT,CATEGORY,LIKE_COUNT,REPORT_YN,DELETE_YN,MEMBER_ID) values (85,'asfdasdfasdf','asdfasdf',to_date('22/02/10','RR/MM/DD'),0,'사담',0,'N','Y','sinsa');
Insert into COMMUNITY (COMMUNITY_NO,TITLE,CONTENT,REG_DATE,READ_COUNT,CATEGORY,LIKE_COUNT,REPORT_YN,DELETE_YN,MEMBER_ID) values (86,'ASDFASDFASDF','ASDFASDFASDFSADF',to_date('22/02/10','RR/MM/DD'),2,'사담',0,'N','N','sinsa');
Insert into COMMUNITY (COMMUNITY_NO,TITLE,CONTENT,REG_DATE,READ_COUNT,CATEGORY,LIKE_COUNT,REPORT_YN,DELETE_YN,MEMBER_ID) values (96,'AFASDFFASD','SADFASDF',to_date('22/02/10','RR/MM/DD'),0,'사담',0,'N','Y','sinsa');
Insert into COMMUNITY (COMMUNITY_NO,TITLE,CONTENT,REG_DATE,READ_COUNT,CATEGORY,LIKE_COUNT,REPORT_YN,DELETE_YN,MEMBER_ID) values (100,'asdfdfas','asdfafsd',to_date('22/02/10','RR/MM/DD'),4,'사담',0,'N','N','sinsa');
Insert into COMMUNITY (COMMUNITY_NO,TITLE,CONTENT,REG_DATE,READ_COUNT,CATEGORY,LIKE_COUNT,REPORT_YN,DELETE_YN,MEMBER_ID) values (114,'제목33','내용33sadfasdf',to_date('22/02/13','RR/MM/DD'),48,'사담',1,'N','N','admin');
Insert into COMMUNITY (COMMUNITY_NO,TITLE,CONTENT,REG_DATE,READ_COUNT,CATEGORY,LIKE_COUNT,REPORT_YN,DELETE_YN,MEMBER_ID) values (115,'제목33','내용33ss',to_date('22/02/13','RR/MM/DD'),18,'사담',1,'N','N','admin');
Insert into COMMUNITY (COMMUNITY_NO,TITLE,CONTENT,REG_DATE,READ_COUNT,CATEGORY,LIKE_COUNT,REPORT_YN,DELETE_YN,MEMBER_ID) values (116,'ss','sss',to_date('22/02/13','RR/MM/DD'),24,'사담',0,'N','Y','admin');
Insert into COMMUNITY (COMMUNITY_NO,TITLE,CONTENT,REG_DATE,READ_COUNT,CATEGORY,LIKE_COUNT,REPORT_YN,DELETE_YN,MEMBER_ID) values (118,'t','w',to_date('22/02/13','RR/MM/DD'),55,'사담',1,'N','N','sinsa');
Insert into COMMUNITY (COMMUNITY_NO,TITLE,CONTENT,REG_DATE,READ_COUNT,CATEGORY,LIKE_COUNT,REPORT_YN,DELETE_YN,MEMBER_ID) values (125,'하이하이요 ','ㅋㅋㅋㅋ',to_date('22/02/16','RR/MM/DD'),69,'사담',1,'N','Y','sinsa');
Insert into COMMUNITY (COMMUNITY_NO,TITLE,CONTENT,REG_DATE,READ_COUNT,CATEGORY,LIKE_COUNT,REPORT_YN,DELETE_YN,MEMBER_ID) values (128,'정기적으로 독서 모임 가지실 분? ','장르 안가립니다 ',to_date('22/02/17','RR/MM/DD'),1,'독서모임',0,'N','N','sinsa');
Insert into COMMUNITY (COMMUNITY_NO,TITLE,CONTENT,REG_DATE,READ_COUNT,CATEGORY,LIKE_COUNT,REPORT_YN,DELETE_YN,MEMBER_ID) values (129,'님들 ㅋㅋㅋㅋㅋㅋㅋㅋ 듄 원작 읽어보셈 ;; ','진심 대 존잼 ㅋㅋㅋㅋㅋ
영화가 책의 반의 반도 못 담음;; ',to_date('22/02/17','RR/MM/DD'),18,'도서추천',1,'N','N','honggd');
Insert into COMMUNITY (COMMUNITY_NO,TITLE,CONTENT,REG_DATE,READ_COUNT,CATEGORY,LIKE_COUNT,REPORT_YN,DELETE_YN,MEMBER_ID) values (130,'요즘 진짜 읽을 책 없니 않나여... ','No Jam ',to_date('22/02/17','RR/MM/DD'),8,'사담',0,'N','N','sinsa');
REM INSERTING into COMMUNITY_ATTACHMENT
SET DEFINE OFF;
Insert into COMMUNITY_ATTACHMENT (NO,ORIGINAL_FILENAME,RENAMED_FILENAME,REG_DATE,COMMUNITY_NO) values (18,'책.jpg','20220216_140526931_740.jpg',to_date('22/02/16','RR/MM/DD'),123);
Insert into COMMUNITY_ATTACHMENT (NO,ORIGINAL_FILENAME,RENAMED_FILENAME,REG_DATE,COMMUNITY_NO) values (14,'ssssss.JPG','20220215_122024258_332.JPG',to_date('22/02/15','RR/MM/DD'),121);
Insert into COMMUNITY_ATTACHMENT (NO,ORIGINAL_FILENAME,RENAMED_FILENAME,REG_DATE,COMMUNITY_NO) values (17,'ssssss.JPG','20220215_185504008_768.JPG',to_date('22/02/15','RR/MM/DD'),122);
Insert into COMMUNITY_ATTACHMENT (NO,ORIGINAL_FILENAME,RENAMED_FILENAME,REG_DATE,COMMUNITY_NO) values (20,'20561D344EB1EF962B.jpg','20220217_040640055_164.jpg',to_date('22/02/17','RR/MM/DD'),127);
Insert into COMMUNITY_ATTACHMENT (NO,ORIGINAL_FILENAME,RENAMED_FILENAME,REG_DATE,COMMUNITY_NO) values (6,'02.png','20220212_215626614_316.png',to_date('22/02/12','RR/MM/DD'),111);
Insert into COMMUNITY_ATTACHMENT (NO,ORIGINAL_FILENAME,RENAMED_FILENAME,REG_DATE,COMMUNITY_NO) values (21,'다운로드 (3).jpg','20220217_042453359_213.jpg',to_date('22/02/17','RR/MM/DD'),114);
Insert into COMMUNITY_ATTACHMENT (NO,ORIGINAL_FILENAME,RENAMED_FILENAME,REG_DATE,COMMUNITY_NO) values (10,'14.png','20220213_181512645_883.png',to_date('22/02/13','RR/MM/DD'),117);
Insert into COMMUNITY_ATTACHMENT (NO,ORIGINAL_FILENAME,RENAMED_FILENAME,REG_DATE,COMMUNITY_NO) values (2,'picture2.png','picture2_20220205.png',to_date('22/02/04','RR/MM/DD'),3);
Insert into COMMUNITY_ATTACHMENT (NO,ORIGINAL_FILENAME,RENAMED_FILENAME,REG_DATE,COMMUNITY_NO) values (7,'06.png','20220212_223049457_037.png',to_date('22/02/12','RR/MM/DD'),112);
Insert into COMMUNITY_ATTACHMENT (NO,ORIGINAL_FILENAME,RENAMED_FILENAME,REG_DATE,COMMUNITY_NO) values (11,'20.png','20220213_181512646_272.png',to_date('22/02/13','RR/MM/DD'),117);
Insert into COMMUNITY_ATTACHMENT (NO,ORIGINAL_FILENAME,RENAMED_FILENAME,REG_DATE,COMMUNITY_NO) values (16,'asdfdasfasfdafsd.JPG','20220215_123601860_421.JPG',to_date('22/02/15','RR/MM/DD'),121);
Insert into COMMUNITY_ATTACHMENT (NO,ORIGINAL_FILENAME,RENAMED_FILENAME,REG_DATE,COMMUNITY_NO) values (5,'13.png','20220210_164440802_571.png',to_date('22/02/10','RR/MM/DD'),100);
Insert into COMMUNITY_ATTACHMENT (NO,ORIGINAL_FILENAME,RENAMED_FILENAME,REG_DATE,COMMUNITY_NO) values (8,'20.png','20220213_115613406_707.png',to_date('22/02/13','RR/MM/DD'),116);
Insert into COMMUNITY_ATTACHMENT (NO,ORIGINAL_FILENAME,RENAMED_FILENAME,REG_DATE,COMMUNITY_NO) values (9,'14.png','20220213_115613407_273.png',to_date('22/02/13','RR/MM/DD'),116);
Insert into COMMUNITY_ATTACHMENT (NO,ORIGINAL_FILENAME,RENAMED_FILENAME,REG_DATE,COMMUNITY_NO) values (12,'14.png','20220213_181826838_080.png',to_date('22/02/13','RR/MM/DD'),118);
Insert into COMMUNITY_ATTACHMENT (NO,ORIGINAL_FILENAME,RENAMED_FILENAME,REG_DATE,COMMUNITY_NO) values (13,'15.png','20220213_181826840_777.png',to_date('22/02/13','RR/MM/DD'),118);
Insert into COMMUNITY_ATTACHMENT (NO,ORIGINAL_FILENAME,RENAMED_FILENAME,REG_DATE,COMMUNITY_NO) values (19,'ssssss.JPG','20220216_191648331_865.JPG',to_date('22/02/16','RR/MM/DD'),125);
Insert into COMMUNITY_ATTACHMENT (NO,ORIGINAL_FILENAME,RENAMED_FILENAME,REG_DATE,COMMUNITY_NO) values (22,'다운로드 (1).jpg','20220217_060452892_719.jpg',to_date('22/02/17','RR/MM/DD'),119);
Insert into COMMUNITY_ATTACHMENT (NO,ORIGINAL_FILENAME,RENAMED_FILENAME,REG_DATE,COMMUNITY_NO) values (23,'다운로드.jpg','20220217_060712201_914.jpg',to_date('22/02/17','RR/MM/DD'),129);
REM INSERTING into COMMUNITY_COMMENT
SET DEFINE OFF;
Insert into COMMUNITY_COMMENT (NO,CONTENT,COMMENT_REF,REG_DATE,COMMUNITY_NO,WRITER,DELETE_YN,COMMENT_LEVEL,IS_PARENT) values (45,'어그로 쩌네요',null,to_date('22/02/15','RR/MM/DD'),119,'honggd','N',1,'Y');
Insert into COMMUNITY_COMMENT (NO,CONTENT,COMMENT_REF,REG_DATE,COMMUNITY_NO,WRITER,DELETE_YN,COMMENT_LEVEL,IS_PARENT) values (46,'? ㅗ',null,to_date('22/02/16','RR/MM/DD'),119,'admin','N',1,'N');
Insert into COMMUNITY_COMMENT (NO,CONTENT,COMMENT_REF,REG_DATE,COMMUNITY_NO,WRITER,DELETE_YN,COMMENT_LEVEL,IS_PARENT) values (47,'ㅈㄷㅈㄷㅈㄷㄱㅈㄷ',15,to_date('22/02/16','RR/MM/DD'),119,'admin','N',2,'N');
Insert into COMMUNITY_COMMENT (NO,CONTENT,COMMENT_REF,REG_DATE,COMMUNITY_NO,WRITER,DELETE_YN,COMMENT_LEVEL,IS_PARENT) values (19,'ㅈㄷㄱㅈㄱㄷㅈㄱㄷㅈㄷㄱ',null,to_date('22/02/14','RR/MM/DD'),113,'sinsa','N',1,'N');
Insert into COMMUNITY_COMMENT (NO,CONTENT,COMMENT_REF,REG_DATE,COMMUNITY_NO,WRITER,DELETE_YN,COMMENT_LEVEL,IS_PARENT) values (60,'별로 안 보고 싶은데요 ',null,to_date('22/02/17','RR/MM/DD'),124,'honggd','N',1,'N');
Insert into COMMUNITY_COMMENT (NO,CONTENT,COMMENT_REF,REG_DATE,COMMUNITY_NO,WRITER,DELETE_YN,COMMENT_LEVEL,IS_PARENT) values (62,'어그로 먹이 ㄴㄴ ',null,to_date('22/02/17','RR/MM/DD'),127,'honggd','N',1,'N');
Insert into COMMUNITY_COMMENT (NO,CONTENT,COMMENT_REF,REG_DATE,COMMUNITY_NO,WRITER,DELETE_YN,COMMENT_LEVEL,IS_PARENT) values (64,'fdfff',null,to_date('22/02/17','RR/MM/DD'),130,'sinsa','N',1,'N');
Insert into COMMUNITY_COMMENT (NO,CONTENT,COMMENT_REF,REG_DATE,COMMUNITY_NO,WRITER,DELETE_YN,COMMENT_LEVEL,IS_PARENT) values (15,'ㅇㅈ',null,to_date('22/02/14','RR/MM/DD'),119,'sinsa','N',1,'Y');
Insert into COMMUNITY_COMMENT (NO,CONTENT,COMMENT_REF,REG_DATE,COMMUNITY_NO,WRITER,DELETE_YN,COMMENT_LEVEL,IS_PARENT) values (16,'sss',null,to_date('22/02/14','RR/MM/DD'),110,'sinsa','N',1,'Y');
Insert into COMMUNITY_COMMENT (NO,CONTENT,COMMENT_REF,REG_DATE,COMMUNITY_NO,WRITER,DELETE_YN,COMMENT_LEVEL,IS_PARENT) values (28,'ss',null,to_date('22/02/15','RR/MM/DD'),120,'admin','N',1,'N');
Insert into COMMUNITY_COMMENT (NO,CONTENT,COMMENT_REF,REG_DATE,COMMUNITY_NO,WRITER,DELETE_YN,COMMENT_LEVEL,IS_PARENT) values (29,'3423',null,to_date('22/02/15','RR/MM/DD'),120,'admin','N',1,'N');
Insert into COMMUNITY_COMMENT (NO,CONTENT,COMMENT_REF,REG_DATE,COMMUNITY_NO,WRITER,DELETE_YN,COMMENT_LEVEL,IS_PARENT) values (30,'werwerwerwerwer',null,to_date('22/02/15','RR/MM/DD'),3,'admin','N',1,'N');
Insert into COMMUNITY_COMMENT (NO,CONTENT,COMMENT_REF,REG_DATE,COMMUNITY_NO,WRITER,DELETE_YN,COMMENT_LEVEL,IS_PARENT) values (37,'ddddddd',15,to_date('22/02/15','RR/MM/DD'),119,'admin','N',2,'N');
Insert into COMMUNITY_COMMENT (NO,CONTENT,COMMENT_REF,REG_DATE,COMMUNITY_NO,WRITER,DELETE_YN,COMMENT_LEVEL,IS_PARENT) values (38,'eeeeeee',15,to_date('22/02/15','RR/MM/DD'),119,'admin','N',2,'N');
Insert into COMMUNITY_COMMENT (NO,CONTENT,COMMENT_REF,REG_DATE,COMMUNITY_NO,WRITER,DELETE_YN,COMMENT_LEVEL,IS_PARENT) values (39,'ss',15,to_date('22/02/15','RR/MM/DD'),119,'admin','N',2,'N');
Insert into COMMUNITY_COMMENT (NO,CONTENT,COMMENT_REF,REG_DATE,COMMUNITY_NO,WRITER,DELETE_YN,COMMENT_LEVEL,IS_PARENT) values (40,'ㄴㄴㄴㄴㄴㄴwefrweq',null,to_date('22/02/15','RR/MM/DD'),122,'sinsa','N',1,'N');
Insert into COMMUNITY_COMMENT (NO,CONTENT,COMMENT_REF,REG_DATE,COMMUNITY_NO,WRITER,DELETE_YN,COMMENT_LEVEL,IS_PARENT) values (41,'ㄴㄴㄴㄴ',null,to_date('22/02/15','RR/MM/DD'),114,'sinsa','N',1,'N');
Insert into COMMUNITY_COMMENT (NO,CONTENT,COMMENT_REF,REG_DATE,COMMUNITY_NO,WRITER,DELETE_YN,COMMENT_LEVEL,IS_PARENT) values (44,'ss',16,to_date('22/02/15','RR/MM/DD'),110,'admin','N',2,'N');
Insert into COMMUNITY_COMMENT (NO,CONTENT,COMMENT_REF,REG_DATE,COMMUNITY_NO,WRITER,DELETE_YN,COMMENT_LEVEL,IS_PARENT) values (48,'ㅈㄷㄷㅈㅈㄷ',15,to_date('22/02/16','RR/MM/DD'),119,'admin','N',2,'N');
Insert into COMMUNITY_COMMENT (NO,CONTENT,COMMENT_REF,REG_DATE,COMMUNITY_NO,WRITER,DELETE_YN,COMMENT_LEVEL,IS_PARENT) values (51,'rd',null,to_date('22/02/16','RR/MM/DD'),125,'sinsa','N',1,'N');
Insert into COMMUNITY_COMMENT (NO,CONTENT,COMMENT_REF,REG_DATE,COMMUNITY_NO,WRITER,DELETE_YN,COMMENT_LEVEL,IS_PARENT) values (57,'ㅋㅋㅋ',null,to_date('22/02/17','RR/MM/DD'),119,'sinsa','N',1,'N');
Insert into COMMUNITY_COMMENT (NO,CONTENT,COMMENT_REF,REG_DATE,COMMUNITY_NO,WRITER,DELETE_YN,COMMENT_LEVEL,IS_PARENT) values (31,'111',null,to_date('22/02/15','RR/MM/DD'),3,'admin','N',1,'Y');
Insert into COMMUNITY_COMMENT (NO,CONTENT,COMMENT_REF,REG_DATE,COMMUNITY_NO,WRITER,DELETE_YN,COMMENT_LEVEL,IS_PARENT) values (36,'ddddddd',15,to_date('22/02/15','RR/MM/DD'),119,'admin','N',2,'N');
Insert into COMMUNITY_COMMENT (NO,CONTENT,COMMENT_REF,REG_DATE,COMMUNITY_NO,WRITER,DELETE_YN,COMMENT_LEVEL,IS_PARENT) values (8,'DDSAA',null,to_date('22/02/13','RR/MM/DD'),3,'sinsa','N',1,'N');
Insert into COMMUNITY_COMMENT (NO,CONTENT,COMMENT_REF,REG_DATE,COMMUNITY_NO,WRITER,DELETE_YN,COMMENT_LEVEL,IS_PARENT) values (9,'AA',null,to_date('22/02/13','RR/MM/DD'),3,'sinsa','N',1,'N');
Insert into COMMUNITY_COMMENT (NO,CONTENT,COMMENT_REF,REG_DATE,COMMUNITY_NO,WRITER,DELETE_YN,COMMENT_LEVEL,IS_PARENT) values (52,'ㅍㅋ츜ㅌㅊㅍ',null,to_date('22/02/16','RR/MM/DD'),125,'honggd','N',1,'N');
Insert into COMMUNITY_COMMENT (NO,CONTENT,COMMENT_REF,REG_DATE,COMMUNITY_NO,WRITER,DELETE_YN,COMMENT_LEVEL,IS_PARENT) values (21,'00101',null,to_date('22/02/14','RR/MM/DD'),116,'admin','N',1,'N');
Insert into COMMUNITY_COMMENT (NO,CONTENT,COMMENT_REF,REG_DATE,COMMUNITY_NO,WRITER,DELETE_YN,COMMENT_LEVEL,IS_PARENT) values (22,'111ere1111212',null,to_date('22/02/15','RR/MM/DD'),120,'admin','N',1,'N');
Insert into COMMUNITY_COMMENT (NO,CONTENT,COMMENT_REF,REG_DATE,COMMUNITY_NO,WRITER,DELETE_YN,COMMENT_LEVEL,IS_PARENT) values (24,'1111',null,to_date('22/02/15','RR/MM/DD'),120,'admin','N',1,'N');
Insert into COMMUNITY_COMMENT (NO,CONTENT,COMMENT_REF,REG_DATE,COMMUNITY_NO,WRITER,DELETE_YN,COMMENT_LEVEL,IS_PARENT) values (25,'w',null,to_date('22/02/15','RR/MM/DD'),120,'admin','N',1,'N');
Insert into COMMUNITY_COMMENT (NO,CONTENT,COMMENT_REF,REG_DATE,COMMUNITY_NO,WRITER,DELETE_YN,COMMENT_LEVEL,IS_PARENT) values (26,'sss',null,to_date('22/02/15','RR/MM/DD'),120,'admin','N',1,'N');
Insert into COMMUNITY_COMMENT (NO,CONTENT,COMMENT_REF,REG_DATE,COMMUNITY_NO,WRITER,DELETE_YN,COMMENT_LEVEL,IS_PARENT) values (56,'ㅎㅇㅎㅇㅎㅇㅎㅇㅎㅇ',null,to_date('22/02/17','RR/MM/DD'),119,'sinsa','N',1,'N');
Insert into COMMUNITY_COMMENT (NO,CONTENT,COMMENT_REF,REG_DATE,COMMUNITY_NO,WRITER,DELETE_YN,COMMENT_LEVEL,IS_PARENT) values (33,'werwerwe',null,to_date('22/02/05','RR/MM/DD'),10,'admin','N',1,'N');
Insert into COMMUNITY_COMMENT (NO,CONTENT,COMMENT_REF,REG_DATE,COMMUNITY_NO,WRITER,DELETE_YN,COMMENT_LEVEL,IS_PARENT) values (58,'aadfsf sadf asdf sadf adfs',null,to_date('22/02/17','RR/MM/DD'),126,'sinsa','N',1,'N');
Insert into COMMUNITY_COMMENT (NO,CONTENT,COMMENT_REF,REG_DATE,COMMUNITY_NO,WRITER,DELETE_YN,COMMENT_LEVEL,IS_PARENT) values (59,'노잼일거 같은뎅 ;; ',null,to_date('22/02/17','RR/MM/DD'),129,'sinsa','N',1,'N');
Insert into COMMUNITY_COMMENT (NO,CONTENT,COMMENT_REF,REG_DATE,COMMUNITY_NO,WRITER,DELETE_YN,COMMENT_LEVEL,IS_PARENT) values (61,'늑대의 유혹이요 ',null,to_date('22/02/17','RR/MM/DD'),123,'honggd','N',1,'N');
Insert into COMMUNITY_COMMENT (NO,CONTENT,COMMENT_REF,REG_DATE,COMMUNITY_NO,WRITER,DELETE_YN,COMMENT_LEVEL,IS_PARENT) values (63,'여기 머여 왜이랭 ',null,to_date('22/02/17','RR/MM/DD'),119,'abcde','N',1,'N');
Insert into COMMUNITY_COMMENT (NO,CONTENT,COMMENT_REF,REG_DATE,COMMUNITY_NO,WRITER,DELETE_YN,COMMENT_LEVEL,IS_PARENT) values (17,'111',null,to_date('22/02/14','RR/MM/DD'),113,'sinsa','N',1,'N');
Insert into COMMUNITY_COMMENT (NO,CONTENT,COMMENT_REF,REG_DATE,COMMUNITY_NO,WRITER,DELETE_YN,COMMENT_LEVEL,IS_PARENT) values (18,'ㄴㄴㄴㄴㄴㄴㄴㄴ',null,to_date('22/02/14','RR/MM/DD'),113,'sinsa','N',1,'N');
Insert into COMMUNITY_COMMENT (NO,CONTENT,COMMENT_REF,REG_DATE,COMMUNITY_NO,WRITER,DELETE_YN,COMMENT_LEVEL,IS_PARENT) values (35,'ㅇee',15,to_date('22/02/15','RR/MM/DD'),119,'admin','N',2,'N');
Insert into COMMUNITY_COMMENT (NO,CONTENT,COMMENT_REF,REG_DATE,COMMUNITY_NO,WRITER,DELETE_YN,COMMENT_LEVEL,IS_PARENT) values (42,'ss',null,to_date('22/02/15','RR/MM/DD'),122,'sinsa','N',1,'N');
Insert into COMMUNITY_COMMENT (NO,CONTENT,COMMENT_REF,REG_DATE,COMMUNITY_NO,WRITER,DELETE_YN,COMMENT_LEVEL,IS_PARENT) values (49,'sss',45,to_date('22/02/16','RR/MM/DD'),119,'sinsa','N',2,'N');
Insert into COMMUNITY_COMMENT (NO,CONTENT,COMMENT_REF,REG_DATE,COMMUNITY_NO,WRITER,DELETE_YN,COMMENT_LEVEL,IS_PARENT) values (50,'ㅇㄴ',15,to_date('22/02/16','RR/MM/DD'),119,'admin','N',2,'N');
REM INSERTING into COMMUNITY_LIKE
SET DEFINE OFF;
Insert into COMMUNITY_LIKE (MEMBER_ID,COMMUNITY_NO,LIKE_NO) values ('honggd',123,24);
Insert into COMMUNITY_LIKE (MEMBER_ID,COMMUNITY_NO,LIKE_NO) values ('admin',118,11);
Insert into COMMUNITY_LIKE (MEMBER_ID,COMMUNITY_NO,LIKE_NO) values ('admin',110,16);
Insert into COMMUNITY_LIKE (MEMBER_ID,COMMUNITY_NO,LIKE_NO) values ('sinsa',114,22);
Insert into COMMUNITY_LIKE (MEMBER_ID,COMMUNITY_NO,LIKE_NO) values ('sinsa',111,23);
Insert into COMMUNITY_LIKE (MEMBER_ID,COMMUNITY_NO,LIKE_NO) values ('sinsa',126,25);
Insert into COMMUNITY_LIKE (MEMBER_ID,COMMUNITY_NO,LIKE_NO) values ('honggd',125,21);
Insert into COMMUNITY_LIKE (MEMBER_ID,COMMUNITY_NO,LIKE_NO) values ('sinsa',119,29);
Insert into COMMUNITY_LIKE (MEMBER_ID,COMMUNITY_NO,LIKE_NO) values ('sinsa',123,18);
Insert into COMMUNITY_LIKE (MEMBER_ID,COMMUNITY_NO,LIKE_NO) values ('sinsa',129,26);
Insert into COMMUNITY_LIKE (MEMBER_ID,COMMUNITY_NO,LIKE_NO) values ('admin',115,13);
Insert into COMMUNITY_LIKE (MEMBER_ID,COMMUNITY_NO,LIKE_NO) values ('sinsa',130,27);
REM INSERTING into INQUIRE
SET DEFINE OFF;
Insert into INQUIRE (NO,TITLE,CATEGORY,CONTENT,REG_DATE,MEMBER_ID) values (1,'신사임당 등록해볼게요','게시판','제 이름은 신사임당
첫 문의 등록임당',to_date('22/01/23','RR/MM/DD'),'sinsa');
Insert into INQUIRE (NO,TITLE,CATEGORY,CONTENT,REG_DATE,MEMBER_ID) values (2,'북토리임당','북토리','북토리글임당
끄
적
여
볼
게
요',to_date('22/01/23','RR/MM/DD'),'sinsa');
Insert into INQUIRE (NO,TITLE,CATEGORY,CONTENT,REG_DATE,MEMBER_ID) values (3,'안녕하세요','게시판','안녕하세요안녕하세요안녕하세요안녕하세요

안녕하세요안녕하세요안녕하세요안녕하세요안녕하세요안녕하세요
안녕하세요안녕하세요안녕하세요안녕하세요안녕하세요안녕하세요안녕하세요안녕하세요안녕하세요안녕하세요
안녕하세요
안녕하세요안녕하세요안녕하세요안녕하세요안녕하세요안녕하세요안녕하세요안녕하세요안녕하세요안녕하세요안녕하세요안녕하세요
안녕하세요안녕하세요안녕하세요안녕하세요안녕하세요안녕하세',to_date('22/01/23','RR/MM/DD'),'sinsa');
Insert into INQUIRE (NO,TITLE,CATEGORY,CONTENT,REG_DATE,MEMBER_ID) values (4,'테스트게시판1','게시판','테스트 중입니다.',to_date('22/01/24','RR/MM/DD'),'honggd');
Insert into INQUIRE (NO,TITLE,CATEGORY,CONTENT,REG_DATE,MEMBER_ID) values (5,'테스트게시판2','북토리','테스트 중입니다.',to_date('22/01/24','RR/MM/DD'),'abcde');
Insert into INQUIRE (NO,TITLE,CATEGORY,CONTENT,REG_DATE,MEMBER_ID) values (6,'테스트게시판3','대여','테스트 중입니다.',to_date('22/01/24','RR/MM/DD'),'qwerty');
Insert into INQUIRE (NO,TITLE,CATEGORY,CONTENT,REG_DATE,MEMBER_ID) values (7,'테스트게시판4','북토리','테스트 중입니다.',to_date('22/01/24','RR/MM/DD'),'honggd');
Insert into INQUIRE (NO,TITLE,CATEGORY,CONTENT,REG_DATE,MEMBER_ID) values (9,'북토리 충전은 어떻게 해요','북토리','충전 어떻게 하나요 ?',to_date('22/02/08','RR/MM/DD'),'honggd');
Insert into INQUIRE (NO,TITLE,CATEGORY,CONTENT,REG_DATE,MEMBER_ID) values (13,'안녕하세요 북토리입니다.','북토리','북토리
내용
입니다.',to_date('22/02/16','RR/MM/DD'),'honggd');
Insert into INQUIRE (NO,TITLE,CATEGORY,CONTENT,REG_DATE,MEMBER_ID) values (15,'게시판입니다','게시판','게시판 입니다',to_date('22/02/16','RR/MM/DD'),'honggd');
Insert into INQUIRE (NO,TITLE,CATEGORY,CONTENT,REG_DATE,MEMBER_ID) values (10,'ss','게시판','sss',to_date('22/02/09','RR/MM/DD'),'sinsa');
Insert into INQUIRE (NO,TITLE,CATEGORY,CONTENT,REG_DATE,MEMBER_ID) values (11,'아니 이보세요','대여','빌릴 책이 별로 없잖아요!!!
개미밖에없음!!!!!!!!!!!!!!!!!!!!!!!!1',to_date('22/02/16','RR/MM/DD'),'sinsa');
Insert into INQUIRE (NO,TITLE,CATEGORY,CONTENT,REG_DATE,MEMBER_ID) values (14,'북토리입니다','북토리','북톨
북토리',to_date('22/02/16','RR/MM/DD'),'honggd');
Insert into INQUIRE (NO,TITLE,CATEGORY,CONTENT,REG_DATE,MEMBER_ID) values (8,'대여 시스템은 어떻게 되나요?','대여','어떻게
해야해요 ??',to_date('22/02/01','RR/MM/DD'),'honggd');
Insert into INQUIRE (NO,TITLE,CATEGORY,CONTENT,REG_DATE,MEMBER_ID) values (12,'대여하고 싶은데 방법을 모르겠어요','대여','방법 알려주세요~~~',to_date('22/02/16','RR/MM/DD'),'honggd');
REM INSERTING into MEMBER
SET DEFINE OFF;
Insert into MEMBER (ID,PASSWORD,EMAIL,NICKNAME,NAME,PHONE,ENABLED,ENROLL_DATE,REPORT_YN,CASH,PROFILE_IMAGE) values ('admin','$2a$10$/7oikXVoSStVl3qVBL3B5.S7x1hb7PcNWRkV7j7XAVR.P0Iom78iK','admin@naver.com','관리자','관리자','01077778888',1,to_date('22/01/23','RR/MM/DD'),'N',0,null);
Insert into MEMBER (ID,PASSWORD,EMAIL,NICKNAME,NAME,PHONE,ENABLED,ENROLL_DATE,REPORT_YN,CASH,PROFILE_IMAGE) values ('qvmey37','$2a$10$/7oikXVoSStVl3qVBL3B5.S7x1hb7PcNWRkV7j7XAVR.P0Iom78iK','slfghtwood1a@google.com','지후8251','오지후','01091318752',1,to_date('19/09/21','RR/MM/DD'),'N',0,null);
Insert into MEMBER (ID,PASSWORD,EMAIL,NICKNAME,NAME,PHONE,ENABLED,ENROLL_DATE,REPORT_YN,CASH,PROFILE_IMAGE) values ('alfhaos1212','$2a$10$oSaw9appVsHbWMcnF5mORuemtEneaHPlwEmmFsOsoW35ucv3g2HEy','alfhaos@naver.com','alfhaos','정한별','01012341234',1,to_date('22/02/08','RR/MM/DD'),'N',0,null);
Insert into MEMBER (ID,PASSWORD,EMAIL,NICKNAME,NAME,PHONE,ENABLED,ENROLL_DATE,REPORT_YN,CASH,PROFILE_IMAGE) values ('ssdux63','$2a$10$/7oikXVoSStVl3qVBL3B5.S7x1hb7PcNWRkV7j7XAVR.P0Iom78iK','acfmmings1b@edublogs.org','하윤5142','서하윤','01099377814',1,to_date('18/08/17','RR/MM/DD'),'N',0,null);
Insert into MEMBER (ID,PASSWORD,EMAIL,NICKNAME,NAME,PHONE,ENABLED,ENROLL_DATE,REPORT_YN,CASH,PROFILE_IMAGE) values ('kasyv97','$2a$10$/7oikXVoSStVl3qVBL3B5.S7x1hb7PcNWRkV7j7XAVR.P0Iom78iK','kffwley1c@army.mil','지훈4954','전지훈','01092524496',1,to_date('18/01/14','RR/MM/DD'),'N',0,null);
Insert into MEMBER (ID,PASSWORD,EMAIL,NICKNAME,NAME,PHONE,ENABLED,ENROLL_DATE,REPORT_YN,CASH,PROFILE_IMAGE) values ('ddfoy41','$2a$10$/7oikXVoSStVl3qVBL3B5.S7x1hb7PcNWRkV7j7XAVR.P0Iom78iK','pmfndez1d@loc.gov','서윤8354','권서윤','01092925562',1,to_date('15/02/20','RR/MM/DD'),'N',0,null);
Insert into MEMBER (ID,PASSWORD,EMAIL,NICKNAME,NAME,PHONE,ENABLED,ENROLL_DATE,REPORT_YN,CASH,PROFILE_IMAGE) values ('naljja','1234','naljja@gmail.com','날짜','김날짜','01011111111',1,to_date('22/02/14','RR/MM/DD'),'N',0,'test');
Insert into MEMBER (ID,PASSWORD,EMAIL,NICKNAME,NAME,PHONE,ENABLED,ENROLL_DATE,REPORT_YN,CASH,PROFILE_IMAGE) values ('yoonjava123','$2a$10$5nXbUMIqbKWBAik4bW.NcOcPPmcbvEdcPv5A3e4U171snpNfcCIhm','yoonjava123@gmail.com','yoonjava','윤자바','01012345678',1,to_date('22/02/16','RR/MM/DD'),'N',101380,null);
Insert into MEMBER (ID,PASSWORD,EMAIL,NICKNAME,NAME,PHONE,ENABLED,ENROLL_DATE,REPORT_YN,CASH,PROFILE_IMAGE) values ('sinsa','$2a$10$/7oikXVoSStVl3qVBL3B5.S7x1hb7PcNWRkV7j7XAVR.P0Iom78iK','sinsa1@gmail.com','신사당','신사임당','01011111111',1,to_date('22/01/20','RR/MM/DD'),'N',61732,'20220213_032908800_043.png');
Insert into MEMBER (ID,PASSWORD,EMAIL,NICKNAME,NAME,PHONE,ENABLED,ENROLL_DATE,REPORT_YN,CASH,PROFILE_IMAGE) values ('jusotest12','$2a$10$/7oikXVoSStVl3qVBL3B5.S7x1hb7PcNWRkV7j7XAVR.P0Iom78iK','imjuso@gmail.com','임주소','임주소','01011111111',1,to_date('22/02/07','RR/MM/DD'),'N',0,null);
Insert into MEMBER (ID,PASSWORD,EMAIL,NICKNAME,NAME,PHONE,ENABLED,ENROLL_DATE,REPORT_YN,CASH,PROFILE_IMAGE) values ('kimggd123','$2a$10$HSLq1nZHoDBCLmWvjkmRR.tcy9WTmyxmCe/6Tc0waFnTTUgFWBU5K','kimggd@gmail.com','king길동','김길동','01012341234',1,to_date('22/02/16','RR/MM/DD'),'N',0,null);
Insert into MEMBER (ID,PASSWORD,EMAIL,NICKNAME,NAME,PHONE,ENABLED,ENROLL_DATE,REPORT_YN,CASH,PROFILE_IMAGE) values ('buyer1233','$2a$10$WiTd1RhdD1pCs0d7LVFRLu4tIDT93aPl.eoZwpiCGeuOWOTsbaaYC','buyer123@gmail.com','바이어dla','바이어','01011111111',1,to_date('22/02/15','RR/MM/DD'),'N',0,null);
Insert into MEMBER (ID,PASSWORD,EMAIL,NICKNAME,NAME,PHONE,ENABLED,ENROLL_DATE,REPORT_YN,CASH,PROFILE_IMAGE) values ('chart1','$2a$10$/7oikXVoSStVl3qVBL3B5.S7x1hb7PcNWRkV7j7XAVR.P0Iom78iK','chartTest@naver.com','ch','차트테스트','01012345678',1,to_date('22/02/03','RR/MM/DD'),'N',0,null);
Insert into MEMBER (ID,PASSWORD,EMAIL,NICKNAME,NAME,PHONE,ENABLED,ENROLL_DATE,REPORT_YN,CASH,PROFILE_IMAGE) values ('chart2','$2a$10$/7oikXVoSStVl3qVBL3B5.S7x1hb7PcNWRkV7j7XAVR.P0Iom78iK','chartTest2@naver.com','ch2','차트테스트','01012345678',1,to_date('22/03/03','RR/MM/DD'),'N',0,null);
Insert into MEMBER (ID,PASSWORD,EMAIL,NICKNAME,NAME,PHONE,ENABLED,ENROLL_DATE,REPORT_YN,CASH,PROFILE_IMAGE) values ('chart3','$2a$10$/7oikXVoSStVl3qVBL3B5.S7x1hb7PcNWRkV7j7XAVR.P0Iom78iK','chartTest3@naver.com','ch3','차트테스트','01012345678',1,to_date('22/04/03','RR/MM/DD'),'N',0,null);
Insert into MEMBER (ID,PASSWORD,EMAIL,NICKNAME,NAME,PHONE,ENABLED,ENROLL_DATE,REPORT_YN,CASH,PROFILE_IMAGE) values ('chart4','$2a$10$/7oikXVoSStVl3qVBL3B5.S7x1hb7PcNWRkV7j7XAVR.P0Iom78iK','chartTest4@naver.com','ch4','차트테스트','01012345678',1,to_date('22/05/03','RR/MM/DD'),'N',0,null);
Insert into MEMBER (ID,PASSWORD,EMAIL,NICKNAME,NAME,PHONE,ENABLED,ENROLL_DATE,REPORT_YN,CASH,PROFILE_IMAGE) values ('chart5','$2a$10$/7oikXVoSStVl3qVBL3B5.S7x1hb7PcNWRkV7j7XAVR.P0Iom78iK','chartTest5@naver.com','ch5','차트테스트','01012345678',1,to_date('22/06/03','RR/MM/DD'),'N',0,null);
Insert into MEMBER (ID,PASSWORD,EMAIL,NICKNAME,NAME,PHONE,ENABLED,ENROLL_DATE,REPORT_YN,CASH,PROFILE_IMAGE) values ('chart3.1','$2a$10$/7oikXVoSStVl3qVBL3B5.S7x1hb7PcNWRkV7j7XAVR.P0Iom78iK','chartTest3.1@naver.com','ch3.1','차트테스트','01012345678',1,to_date('22/04/05','RR/MM/DD'),'N',0,null);
Insert into MEMBER (ID,PASSWORD,EMAIL,NICKNAME,NAME,PHONE,ENABLED,ENROLL_DATE,REPORT_YN,CASH,PROFILE_IMAGE) values ('buyer1234','$2a$10$580HZ1h/Hyrx2fsXyogJRO9XebGj.LBvSAy545hGxY7Dlcp/kF3TW','buyer1234@gmail.com','바이엉','김바이','01011111111',1,to_date('22/02/15','RR/MM/DD'),'N',-40,null);
Insert into MEMBER (ID,PASSWORD,EMAIL,NICKNAME,NAME,PHONE,ENABLED,ENROLL_DATE,REPORT_YN,CASH,PROFILE_IMAGE) values ('abcde','$2a$10$PhPJotJd.gHwQkJv6gLSCeYMZtleF048VTQxgSS.jPscAPM7He/3C','abcde@gmail.com','aaaa','에이비씨',null,1,to_date('22/01/20','RR/MM/DD'),'N',0,null);
Insert into MEMBER (ID,PASSWORD,EMAIL,NICKNAME,NAME,PHONE,ENABLED,ENROLL_DATE,REPORT_YN,CASH,PROFILE_IMAGE) values ('sinjuso','$2a$10$4JdY.SDpdSOwT2GbHPrIAuLWhIApJcU.MrRbmO0K0uKLP3r838KIS','sinjuso@gmail.com','sinjuso','신주소','01012341234',1,to_date('22/02/05','RR/MM/DD'),'N',110630,null);
Insert into MEMBER (ID,PASSWORD,EMAIL,NICKNAME,NAME,PHONE,ENABLED,ENROLL_DATE,REPORT_YN,CASH,PROFILE_IMAGE) values ('temp1234','$2a$10$5LqOx9n9cfcpOdrdB8YLZu6UWuaKDFg3bGFd6tqOQbpMJBu43ZmbC','gamyoung@naver.com','가명나명다명','김가명','01012344321',1,to_date('22/02/16','RR/MM/DD'),'N',0,null);
Insert into MEMBER (ID,PASSWORD,EMAIL,NICKNAME,NAME,PHONE,ENABLED,ENROLL_DATE,REPORT_YN,CASH,PROFILE_IMAGE) values ('honggd','$2a$10$/7oikXVoSStVl3qVBL3B5.S7x1hb7PcNWRkV7j7XAVR.P0Iom78iK','hong@gmail.com','길동님','홍길동','01012341234',1,null,'N',56330,'20220214_162743639_347.png');
Insert into MEMBER (ID,PASSWORD,EMAIL,NICKNAME,NAME,PHONE,ENABLED,ENROLL_DATE,REPORT_YN,CASH,PROFILE_IMAGE) values ('qwerty','$2a$10$alzwmoWChChpkfboglMl9upcv8vnIRUqcRKSgGA7wnj4hFdOMP1Su','jg123@gmail.com','하이루','제갈공명','01099997777',1,to_date('22/01/20','RR/MM/DD'),'N',0,null);
Insert into MEMBER (ID,PASSWORD,EMAIL,NICKNAME,NAME,PHONE,ENABLED,ENROLL_DATE,REPORT_YN,CASH,PROFILE_IMAGE) values ('delete123','$2a$10$/7oikXVoSStVl3qVBL3B5.S7x1hb7PcNWRkV7j7XAVR.P0Iom78iK','test@test.com','아파치','삭제전용','01077777777',0,to_date('22/02/01','RR/MM/DD'),'N',0,'20220212_165149106_368.png');
Insert into MEMBER (ID,PASSWORD,EMAIL,NICKNAME,NAME,PHONE,ENABLED,ENROLL_DATE,REPORT_YN,CASH,PROFILE_IMAGE) values ('cwfgw04','$2a$10$/7oikXVoSStVl3qVBL3B5.S7x1hb7PcNWRkV7j7XAVR.P0Iom78iK','pdfbbson0@wired.com','민준이','김민준','01011111111',1,to_date('19/02/20','RR/MM/DD'),'N',0,null);
Insert into MEMBER (ID,PASSWORD,EMAIL,NICKNAME,NAME,PHONE,ENABLED,ENROLL_DATE,REPORT_YN,CASH,PROFILE_IMAGE) values ('qktnn78','$2a$10$/7oikXVoSStVl3qVBL3B5.S7x1hb7PcNWRkV7j7XAVR.P0Iom78iK','lhfrtil1@microsoft.com','승현1945','김승현','01058531625',1,to_date('19/10/05','RR/MM/DD'),'N',0,null);
Insert into MEMBER (ID,PASSWORD,EMAIL,NICKNAME,NAME,PHONE,ENABLED,ENROLL_DATE,REPORT_YN,CASH,PROFILE_IMAGE) values ('xsfrs85','$2a$10$sBQOvoytzLd.C.qnQ5FY8u8xZs8QGUFgWccQPPMl/0g7xPin98gMm','dhfcklingbottom2@yandex.ru','수아','김수아','01040542451',1,to_date('14/08/06','RR/MM/DD'),'N',0,'20220216_211520274_173.jpg');
Insert into MEMBER (ID,PASSWORD,EMAIL,NICKNAME,NAME,PHONE,ENABLED,ENROLL_DATE,REPORT_YN,CASH,PROFILE_IMAGE) values ('owjwi77','$2a$10$sBQOvoytzLd.C.qnQ5FY8u8xZs8QGUFgWccQPPMl/0g7xPin98gMm','nrfteley3@webeden.co.uk','민서','김민서','01055746319',1,to_date('15/07/26','RR/MM/DD'),'N',0,'20220216_211241685_463.jpg');
Insert into MEMBER (ID,PASSWORD,EMAIL,NICKNAME,NAME,PHONE,ENABLED,ENROLL_DATE,REPORT_YN,CASH,PROFILE_IMAGE) values ('btgsi56','$2a$10$/7oikXVoSStVl3qVBL3B5.S7x1hb7PcNWRkV7j7XAVR.P0Iom78iK','lhfnrionot4@biblegateway.com','하준1114','김하준','01099061503',1,to_date('21/03/13','RR/MM/DD'),'N',0,null);
Insert into MEMBER (ID,PASSWORD,EMAIL,NICKNAME,NAME,PHONE,ENABLED,ENROLL_DATE,REPORT_YN,CASH,PROFILE_IMAGE) values ('gcauk65','$2a$10$/7oikXVoSStVl3qVBL3B5.S7x1hb7PcNWRkV7j7XAVR.P0Iom78iK','tcferda5@jugem.jp','예원7591','김예원','01041697132',1,to_date('19/12/26','RR/MM/DD'),'N',0,null);
Insert into MEMBER (ID,PASSWORD,EMAIL,NICKNAME,NAME,PHONE,ENABLED,ENROLL_DATE,REPORT_YN,CASH,PROFILE_IMAGE) values ('drybw61','$2a$10$/7oikXVoSStVl3qVBL3B5.S7x1hb7PcNWRkV7j7XAVR.P0Iom78iK','cpfvlik6@instagram.com','건우7567','김건우','01010993787',1,to_date('20/11/28','RR/MM/DD'),'N',0,null);
Insert into MEMBER (ID,PASSWORD,EMAIL,NICKNAME,NAME,PHONE,ENABLED,ENROLL_DATE,REPORT_YN,CASH,PROFILE_IMAGE) values ('xrwya27','$2a$10$/7oikXVoSStVl3qVBL3B5.S7x1hb7PcNWRkV7j7XAVR.P0Iom78iK','rlfddy7@google.pl','지윤9548','김지윤','01044845226',1,to_date('14/11/05','RR/MM/DD'),'N',0,null);
Insert into MEMBER (ID,PASSWORD,EMAIL,NICKNAME,NAME,PHONE,ENABLED,ENROLL_DATE,REPORT_YN,CASH,PROFILE_IMAGE) values ('obxag34','$2a$10$/7oikXVoSStVl3qVBL3B5.S7x1hb7PcNWRkV7j7XAVR.P0Iom78iK','vefleston8@linkedin.com','준우5510','김준우','01021935167',1,to_date('15/01/13','RR/MM/DD'),'N',0,null);
Insert into MEMBER (ID,PASSWORD,EMAIL,NICKNAME,NAME,PHONE,ENABLED,ENROLL_DATE,REPORT_YN,CASH,PROFILE_IMAGE) values ('ftnru94','$2a$10$/7oikXVoSStVl3qVBL3B5.S7x1hb7PcNWRkV7j7XAVR.P0Iom78iK','ccfxson9@sakura.ne.jp','지민5681','김지민','01037348766',1,to_date('21/08/24','RR/MM/DD'),'N',0,null);
Insert into MEMBER (ID,PASSWORD,EMAIL,NICKNAME,NAME,PHONE,ENABLED,ENROLL_DATE,REPORT_YN,CASH,PROFILE_IMAGE) values ('bnqzd71','$2a$10$/7oikXVoSStVl3qVBL3B5.S7x1hb7PcNWRkV7j7XAVR.P0Iom78iK','otfcklea@rediff.com','하린3584','김하린','01064814513',1,to_date('16/06/02','RR/MM/DD'),'N',0,null);
Insert into MEMBER (ID,PASSWORD,EMAIL,NICKNAME,NAME,PHONE,ENABLED,ENROLL_DATE,REPORT_YN,CASH,PROFILE_IMAGE) values ('qfoix87','$2a$10$/7oikXVoSStVl3qVBL3B5.S7x1hb7PcNWRkV7j7XAVR.P0Iom78iK','dbfvinb@xrea.com','지유9142','김지유','01068014253',1,to_date('20/09/01','RR/MM/DD'),'N',0,null);
Insert into MEMBER (ID,PASSWORD,EMAIL,NICKNAME,NAME,PHONE,ENABLED,ENROLL_DATE,REPORT_YN,CASH,PROFILE_IMAGE) values ('vocns52','$2a$10$/7oikXVoSStVl3qVBL3B5.S7x1hb7PcNWRkV7j7XAVR.P0Iom78iK','ecfmmingc@newsvine.com','서준7715','이서준','01023466790',1,to_date('17/11/01','RR/MM/DD'),'N',0,null);
Insert into MEMBER (ID,PASSWORD,EMAIL,NICKNAME,NAME,PHONE,ENABLED,ENROLL_DATE,REPORT_YN,CASH,PROFILE_IMAGE) values ('zghhr88','$2a$10$/7oikXVoSStVl3qVBL3B5.S7x1hb7PcNWRkV7j7XAVR.P0Iom78iK','mhfnnayd@domainmarket.com','준서5698','이준서','01050586112',1,to_date('17/01/20','RR/MM/DD'),'N',0,null);
Insert into MEMBER (ID,PASSWORD,EMAIL,NICKNAME,NAME,PHONE,ENABLED,ENROLL_DATE,REPORT_YN,CASH,PROFILE_IMAGE) values ('vqmvs44','$2a$10$/7oikXVoSStVl3qVBL3B5.S7x1hb7PcNWRkV7j7XAVR.P0Iom78iK','cgferitze@webmd.com','다은9322','이다은','01019879589',1,to_date('20/06/23','RR/MM/DD'),'N',0,null);
Insert into MEMBER (ID,PASSWORD,EMAIL,NICKNAME,NAME,PHONE,ENABLED,ENROLL_DATE,REPORT_YN,CASH,PROFILE_IMAGE) values ('lwzjx53','$2a$10$/7oikXVoSStVl3qVBL3B5.S7x1hb7PcNWRkV7j7XAVR.P0Iom78iK','hgflcf@ask.com','은서6079','이은서','01024956506',1,to_date('15/01/14','RR/MM/DD'),'N',0,null);
Insert into MEMBER (ID,PASSWORD,EMAIL,NICKNAME,NAME,PHONE,ENABLED,ENROLL_DATE,REPORT_YN,CASH,PROFILE_IMAGE) values ('qixzv89','$2a$10$/7oikXVoSStVl3qVBL3B5.S7x1hb7PcNWRkV7j7XAVR.P0Iom78iK','nofgg@craigslist.org','도윤2682','이도윤','01048033428',1,to_date('21/05/01','RR/MM/DD'),'N',0,null);
Insert into MEMBER (ID,PASSWORD,EMAIL,NICKNAME,NAME,PHONE,ENABLED,ENROLL_DATE,REPORT_YN,CASH,PROFILE_IMAGE) values ('njquq59','$2a$10$/7oikXVoSStVl3qVBL3B5.S7x1hb7PcNWRkV7j7XAVR.P0Iom78iK','mafstieh@hostgator.com','소윤3407','이소윤','01023398557',1,to_date('20/01/09','RR/MM/DD'),'N',0,null);
Insert into MEMBER (ID,PASSWORD,EMAIL,NICKNAME,NAME,PHONE,ENABLED,ENROLL_DATE,REPORT_YN,CASH,PROFILE_IMAGE) values ('eadxx60','$2a$10$/7oikXVoSStVl3qVBL3B5.S7x1hb7PcNWRkV7j7XAVR.P0Iom78iK','hgfuli@imgur.com','하은3718','이하은','01088646220',1,to_date('14/10/16','RR/MM/DD'),'N',21120,null);
Insert into MEMBER (ID,PASSWORD,EMAIL,NICKNAME,NAME,PHONE,ENABLED,ENROLL_DATE,REPORT_YN,CASH,PROFILE_IMAGE) values ('xuulw79','$2a$10$/7oikXVoSStVl3qVBL3B5.S7x1hb7PcNWRkV7j7XAVR.P0Iom78iK','ggfrriochj@rakuten.co.jp','소율1859','이소율','01016185328',1,to_date('20/03/15','RR/MM/DD'),'N',2800,null);
Insert into MEMBER (ID,PASSWORD,EMAIL,NICKNAME,NAME,PHONE,ENABLED,ENROLL_DATE,REPORT_YN,CASH,PROFILE_IMAGE) values ('hnjtn06','$2a$10$/7oikXVoSStVl3qVBL3B5.S7x1hb7PcNWRkV7j7XAVR.P0Iom78iK','dcfantk@nps.gov','민재5527','박민재','01033136447',1,to_date('18/06/04','RR/MM/DD'),'N',0,null);
Insert into MEMBER (ID,PASSWORD,EMAIL,NICKNAME,NAME,PHONE,ENABLED,ENROLL_DATE,REPORT_YN,CASH,PROFILE_IMAGE) values ('vlwvp55','$2a$10$/7oikXVoSStVl3qVBL3B5.S7x1hb7PcNWRkV7j7XAVR.P0Iom78iK','gsfwdonl@army.mil','지우2612','박지우','01051360719',1,to_date('15/09/29','RR/MM/DD'),'N',0,null);
Insert into MEMBER (ID,PASSWORD,EMAIL,NICKNAME,NAME,PHONE,ENABLED,ENROLL_DATE,REPORT_YN,CASH,PROFILE_IMAGE) values ('llvqc53','$2a$10$/7oikXVoSStVl3qVBL3B5.S7x1hb7PcNWRkV7j7XAVR.P0Iom78iK','ebfnettolom@npr.org','채원4187','박채원','01064870602',1,to_date('14/09/28','RR/MM/DD'),'N',0,null);
Insert into MEMBER (ID,PASSWORD,EMAIL,NICKNAME,NAME,PHONE,ENABLED,ENROLL_DATE,REPORT_YN,CASH,PROFILE_IMAGE) values ('ppmqs25','$2a$10$/7oikXVoSStVl3qVBL3B5.S7x1hb7PcNWRkV7j7XAVR.P0Iom78iK','eafhboltn@webeden.co.uk','현우6112','박현우','01029748417',1,to_date('15/09/07','RR/MM/DD'),'N',0,null);
Insert into MEMBER (ID,PASSWORD,EMAIL,NICKNAME,NAME,PHONE,ENABLED,ENROLL_DATE,REPORT_YN,CASH,PROFILE_IMAGE) values ('cdycm16','$2a$10$/7oikXVoSStVl3qVBL3B5.S7x1hb7PcNWRkV7j7XAVR.P0Iom78iK','tifgremo@e-recht24.de','지호9050','박지호','01083730850',1,to_date('20/03/10','RR/MM/DD'),'N',0,null);
Insert into MEMBER (ID,PASSWORD,EMAIL,NICKNAME,NAME,PHONE,ENABLED,ENROLL_DATE,REPORT_YN,CASH,PROFILE_IMAGE) values ('iksgo22','$2a$10$/7oikXVoSStVl3qVBL3B5.S7x1hb7PcNWRkV7j7XAVR.P0Iom78iK','hifdisonp@blogs.com','연우2498','정연우','01092861933',1,to_date('17/08/07','RR/MM/DD'),'N',0,null);
Insert into MEMBER (ID,PASSWORD,EMAIL,NICKNAME,NAME,PHONE,ENABLED,ENROLL_DATE,REPORT_YN,CASH,PROFILE_IMAGE) values ('icbja97','$2a$10$/7oikXVoSStVl3qVBL3B5.S7x1hb7PcNWRkV7j7XAVR.P0Iom78iK','ecfrishq@topsy.com','지원2717','정지원','01097997558',1,to_date('14/12/25','RR/MM/DD'),'N',0,null);
Insert into MEMBER (ID,PASSWORD,EMAIL,NICKNAME,NAME,PHONE,ENABLED,ENROLL_DATE,REPORT_YN,CASH,PROFILE_IMAGE) values ('wocdp04','$2a$10$/7oikXVoSStVl3qVBL3B5.S7x1hb7PcNWRkV7j7XAVR.P0Iom78iK','rmfehler@comsenz.com','우진5009','정우진','01077320108',1,to_date('21/06/05','RR/MM/DD'),'N',0,null);
Insert into MEMBER (ID,PASSWORD,EMAIL,NICKNAME,NAME,PHONE,ENABLED,ENROLL_DATE,REPORT_YN,CASH,PROFILE_IMAGE) values ('yxepn52','$2a$10$/7oikXVoSStVl3qVBL3B5.S7x1hb7PcNWRkV7j7XAVR.P0Iom78iK','jsfdrys@ucla.edu','예준6417','정예준','01038952212',1,to_date('17/05/20','RR/MM/DD'),'N',0,null);
Insert into MEMBER (ID,PASSWORD,EMAIL,NICKNAME,NAME,PHONE,ENABLED,ENROLL_DATE,REPORT_YN,CASH,PROFILE_IMAGE) values ('cydva12','$2a$10$/7oikXVoSStVl3qVBL3B5.S7x1hb7PcNWRkV7j7XAVR.P0Iom78iK','ehfisst@nps.gov','서연4049','최서연','01051714202',1,to_date('18/10/16','RR/MM/DD'),'N',0,null);
Insert into MEMBER (ID,PASSWORD,EMAIL,NICKNAME,NAME,PHONE,ENABLED,ENROLL_DATE,REPORT_YN,CASH,PROFILE_IMAGE) values ('pkvee52','$2a$10$/7oikXVoSStVl3qVBL3B5.S7x1hb7PcNWRkV7j7XAVR.P0Iom78iK','brfskillyu@myspace.com','지아4563','최지아','01073770772',1,to_date('18/11/23','RR/MM/DD'),'N',0,null);
Insert into MEMBER (ID,PASSWORD,EMAIL,NICKNAME,NAME,PHONE,ENABLED,ENROLL_DATE,REPORT_YN,CASH,PROFILE_IMAGE) values ('faplw28','$2a$10$/7oikXVoSStVl3qVBL3B5.S7x1hb7PcNWRkV7j7XAVR.P0Iom78iK','gofenovv@irs.gov','예은8129','최예은','01051833820',1,to_date('20/05/29','RR/MM/DD'),'N',0,null);
Insert into MEMBER (ID,PASSWORD,EMAIL,NICKNAME,NAME,PHONE,ENABLED,ENROLL_DATE,REPORT_YN,CASH,PROFILE_IMAGE) values ('tndbm20','$2a$10$/7oikXVoSStVl3qVBL3B5.S7x1hb7PcNWRkV7j7XAVR.P0Iom78iK','hlfnevew@plala.or.jp','예린9879','조예린','01075483189',1,to_date('20/10/31','RR/MM/DD'),'N',0,null);
Insert into MEMBER (ID,PASSWORD,EMAIL,NICKNAME,NAME,PHONE,ENABLED,ENROLL_DATE,REPORT_YN,CASH,PROFILE_IMAGE) values ('lbuux22','$2a$10$/7oikXVoSStVl3qVBL3B5.S7x1hb7PcNWRkV7j7XAVR.P0Iom78iK','tbfthowex@feedburner.com','지안1674','조지안','01080224620',1,to_date('15/12/31','RR/MM/DD'),'N',0,null);
Insert into MEMBER (ID,PASSWORD,EMAIL,NICKNAME,NAME,PHONE,ENABLED,ENROLL_DATE,REPORT_YN,CASH,PROFILE_IMAGE) values ('dytfv13','$2a$10$/7oikXVoSStVl3qVBL3B5.S7x1hb7PcNWRkV7j7XAVR.P0Iom78iK','twfrendelly@alexa.com','윤서7753','조윤서','01047784739',1,to_date('17/09/16','RR/MM/DD'),'N',0,null);
Insert into MEMBER (ID,PASSWORD,EMAIL,NICKNAME,NAME,PHONE,ENABLED,ENROLL_DATE,REPORT_YN,CASH,PROFILE_IMAGE) values ('rwzyh76','$2a$10$/7oikXVoSStVl3qVBL3B5.S7x1hb7PcNWRkV7j7XAVR.P0Iom78iK','rcfomiez@e-recht24.de','정우9900','강정우','01011917682',1,to_date('18/05/10','RR/MM/DD'),'N',0,null);
Insert into MEMBER (ID,PASSWORD,EMAIL,NICKNAME,NAME,PHONE,ENABLED,ENROLL_DATE,REPORT_YN,CASH,PROFILE_IMAGE) values ('bravn90','$2a$10$/7oikXVoSStVl3qVBL3B5.S7x1hb7PcNWRkV7j7XAVR.P0Iom78iK','dbfamish10@behance.net','승우3781','강승우','01055433875',1,to_date('20/12/12','RR/MM/DD'),'N',0,null);
Insert into MEMBER (ID,PASSWORD,EMAIL,NICKNAME,NAME,PHONE,ENABLED,ENROLL_DATE,REPORT_YN,CASH,PROFILE_IMAGE) values ('kqgxl98','$2a$10$/7oikXVoSStVl3qVBL3B5.S7x1hb7PcNWRkV7j7XAVR.P0Iom78iK','rbfchura11@ucoz.ru','선우5398','강선우','01027862003',1,to_date('18/12/30','RR/MM/DD'),'N',0,null);
Insert into MEMBER (ID,PASSWORD,EMAIL,NICKNAME,NAME,PHONE,ENABLED,ENROLL_DATE,REPORT_YN,CASH,PROFILE_IMAGE) values ('jaczl55','$2a$10$/7oikXVoSStVl3qVBL3B5.S7x1hb7PcNWRkV7j7XAVR.P0Iom78iK','lgfilardi12@eepurl.com','서진7533','윤서진','01072566429',1,to_date('18/06/22','RR/MM/DD'),'N',0,null);
Insert into MEMBER (ID,PASSWORD,EMAIL,NICKNAME,NAME,PHONE,ENABLED,ENROLL_DATE,REPORT_YN,CASH,PROFILE_IMAGE) values ('zzapu99','$2a$10$/7oikXVoSStVl3qVBL3B5.S7x1hb7PcNWRkV7j7XAVR.P0Iom78iK','dnfscha13@discovery.com','서현9113','윤서현','01021359161',1,to_date('13/11/24','RR/MM/DD'),'N',0,null);
Insert into MEMBER (ID,PASSWORD,EMAIL,NICKNAME,NAME,PHONE,ENABLED,ENROLL_DATE,REPORT_YN,CASH,PROFILE_IMAGE) values ('fnrss67','$2a$10$/7oikXVoSStVl3qVBL3B5.S7x1hb7PcNWRkV7j7XAVR.P0Iom78iK','baflenson14@blogs.com','유준9999','임유준','01094295522',1,to_date('21/09/16','RR/MM/DD'),'N',0,null);
Insert into MEMBER (ID,PASSWORD,EMAIL,NICKNAME,NAME,PHONE,ENABLED,ENROLL_DATE,REPORT_YN,CASH,PROFILE_IMAGE) values ('gmqfe85','$2a$10$/7oikXVoSStVl3qVBL3B5.S7x1hb7PcNWRkV7j7XAVR.P0Iom78iK','msfmmance15@behance.net','수빈5891','임수빈','01054319392',1,to_date('21/03/01','RR/MM/DD'),'N',0,null);
Insert into MEMBER (ID,PASSWORD,EMAIL,NICKNAME,NAME,PHONE,ENABLED,ENROLL_DATE,REPORT_YN,CASH,PROFILE_IMAGE) values ('dyotr66','$2a$10$/7oikXVoSStVl3qVBL3B5.S7x1hb7PcNWRkV7j7XAVR.P0Iom78iK','wiffe16@netscape.com','조현3546','신조현','01087840124',1,to_date('15/11/17','RR/MM/DD'),'N',0,null);
Insert into MEMBER (ID,PASSWORD,EMAIL,NICKNAME,NAME,PHONE,ENABLED,ENROLL_DATE,REPORT_YN,CASH,PROFILE_IMAGE) values ('zkmah38','$2a$10$/7oikXVoSStVl3qVBL3B5.S7x1hb7PcNWRkV7j7XAVR.P0Iom78iK','hpflfreyman17@mediafire.com','현준8900','신현준','01091418562',1,to_date('19/09/27','RR/MM/DD'),'N',0,null);
Insert into MEMBER (ID,PASSWORD,EMAIL,NICKNAME,NAME,PHONE,ENABLED,ENROLL_DATE,REPORT_YN,CASH,PROFILE_IMAGE) values ('bcdiu65','$2a$10$/7oikXVoSStVl3qVBL3B5.S7x1hb7PcNWRkV7j7XAVR.P0Iom78iK','rmfcculloch18@whitehouse.gov','주원2506','유주원','01075788530',1,to_date('21/11/22','RR/MM/DD'),'N',0,null);
Insert into MEMBER (ID,PASSWORD,EMAIL,NICKNAME,NAME,PHONE,ENABLED,ENROLL_DATE,REPORT_YN,CASH,PROFILE_IMAGE) values ('supff55','$2a$10$/7oikXVoSStVl3qVBL3B5.S7x1hb7PcNWRkV7j7XAVR.P0Iom78iK','yoojung410@naver.com','김유정','김유정','01021459564',1,to_date('20/11/11','RR/MM/DD'),'N',0,null);
REM INSERTING into MENU
SET DEFINE OFF;
REM INSERTING into MY_TRADE_HISTORY
SET DEFINE OFF;
Insert into MY_TRADE_HISTORY (RENT_NO,RES_NO,PRICE,BORROWER_CASH,TRADE_DATE,DEPOSIT,REFUND_YN,LENDER_CASH) values (9,62,3500,0,to_date('22/02/15','RR/MM/DD'),3000,'N',null);
Insert into MY_TRADE_HISTORY (RENT_NO,RES_NO,PRICE,BORROWER_CASH,TRADE_DATE,DEPOSIT,REFUND_YN,LENDER_CASH) values (22,84,4000,20620,to_date('22/02/16','RR/MM/DD'),3000,'N',34290);
Insert into MY_TRADE_HISTORY (RENT_NO,RES_NO,PRICE,BORROWER_CASH,TRADE_DATE,DEPOSIT,REFUND_YN,LENDER_CASH) values (23,85,4000,16620,to_date('22/02/16','RR/MM/DD'),3000,'N',38290);
Insert into MY_TRADE_HISTORY (RENT_NO,RES_NO,PRICE,BORROWER_CASH,TRADE_DATE,DEPOSIT,REFUND_YN,LENDER_CASH) values (27,89,3500,620,to_date('22/02/16','RR/MM/DD'),3000,'N',54290);
Insert into MY_TRADE_HISTORY (RENT_NO,RES_NO,PRICE,BORROWER_CASH,TRADE_DATE,DEPOSIT,REFUND_YN,LENDER_CASH) values (31,97,3400,6560,to_date('22/02/16','RR/MM/DD'),3200,'N',62210);
Insert into MY_TRADE_HISTORY (RENT_NO,RES_NO,PRICE,BORROWER_CASH,TRADE_DATE,DEPOSIT,REFUND_YN,LENDER_CASH) values (33,101,2922,4038,to_date('22/02/16','RR/MM/DD'),2022,'N',59710);
Insert into MY_TRADE_HISTORY (RENT_NO,RES_NO,PRICE,BORROWER_CASH,TRADE_DATE,DEPOSIT,REFUND_YN,LENDER_CASH) values (36,113,7000,3060,to_date('22/02/16','RR/MM/DD'),5000,'N',4000);
Insert into MY_TRADE_HISTORY (RENT_NO,RES_NO,PRICE,BORROWER_CASH,TRADE_DATE,DEPOSIT,REFUND_YN,LENDER_CASH) values (38,117,4800,16320,to_date('22/02/16','RR/MM/DD'),4000,'N',6800);
Insert into MY_TRADE_HISTORY (RENT_NO,RES_NO,PRICE,BORROWER_CASH,TRADE_DATE,DEPOSIT,REFUND_YN,LENDER_CASH) values (5,58,4000,0,to_date('22/02/15','RR/MM/DD'),3000,'N',null);
Insert into MY_TRADE_HISTORY (RENT_NO,RES_NO,PRICE,BORROWER_CASH,TRADE_DATE,DEPOSIT,REFUND_YN,LENDER_CASH) values (8,61,3300,0,to_date('22/02/15','RR/MM/DD'),3000,'N',null);
Insert into MY_TRADE_HISTORY (RENT_NO,RES_NO,PRICE,BORROWER_CASH,TRADE_DATE,DEPOSIT,REFUND_YN,LENDER_CASH) values (10,63,3500,0,to_date('22/02/15','RR/MM/DD'),3000,'N',null);
Insert into MY_TRADE_HISTORY (RENT_NO,RES_NO,PRICE,BORROWER_CASH,TRADE_DATE,DEPOSIT,REFUND_YN,LENDER_CASH) values (13,70,5400,8130,to_date('22/02/15','RR/MM/DD'),5000,'N',null);
Insert into MY_TRADE_HISTORY (RENT_NO,RES_NO,PRICE,BORROWER_CASH,TRADE_DATE,DEPOSIT,REFUND_YN,LENDER_CASH) values (14,71,4000,4130,to_date('22/02/15','RR/MM/DD'),3000,'N',null);
Insert into MY_TRADE_HISTORY (RENT_NO,RES_NO,PRICE,BORROWER_CASH,TRADE_DATE,DEPOSIT,REFUND_YN,LENDER_CASH) values (25,87,4000,8620,to_date('22/02/16','RR/MM/DD'),3000,'N',46290);
Insert into MY_TRADE_HISTORY (RENT_NO,RES_NO,PRICE,BORROWER_CASH,TRADE_DATE,DEPOSIT,REFUND_YN,LENDER_CASH) values (29,94,3220,10460,to_date('22/02/16','RR/MM/DD'),3020,'N',58490);
Insert into MY_TRADE_HISTORY (RENT_NO,RES_NO,PRICE,BORROWER_CASH,TRADE_DATE,DEPOSIT,REFUND_YN,LENDER_CASH) values (4,57,4000,0,to_date('22/02/15','RR/MM/DD'),3000,'N',null);
Insert into MY_TRADE_HISTORY (RENT_NO,RES_NO,PRICE,BORROWER_CASH,TRADE_DATE,DEPOSIT,REFUND_YN,LENDER_CASH) values (21,83,4000,4560,to_date('22/02/16','RR/MM/DD'),3000,'N',4560);
Insert into MY_TRADE_HISTORY (RENT_NO,RES_NO,PRICE,BORROWER_CASH,TRADE_DATE,DEPOSIT,REFUND_YN,LENDER_CASH) values (24,86,4000,12620,to_date('22/02/16','RR/MM/DD'),3000,'N',42290);
Insert into MY_TRADE_HISTORY (RENT_NO,RES_NO,PRICE,BORROWER_CASH,TRADE_DATE,DEPOSIT,REFUND_YN,LENDER_CASH) values (30,95,3520,9960,to_date('22/02/16','RR/MM/DD'),3020,'N',58990);
Insert into MY_TRADE_HISTORY (RENT_NO,RES_NO,PRICE,BORROWER_CASH,TRADE_DATE,DEPOSIT,REFUND_YN,LENDER_CASH) values (12,67,5500,0,to_date('22/02/15','RR/MM/DD'),5000,'N',null);
Insert into MY_TRADE_HISTORY (RENT_NO,RES_NO,PRICE,BORROWER_CASH,TRADE_DATE,DEPOSIT,REFUND_YN,LENDER_CASH) values (15,72,4000,130,to_date('22/02/15','RR/MM/DD'),3000,'N',null);
Insert into MY_TRADE_HISTORY (RENT_NO,RES_NO,PRICE,BORROWER_CASH,TRADE_DATE,DEPOSIT,REFUND_YN,LENDER_CASH) values (16,73,5400,14790,to_date('22/02/15','RR/MM/DD'),5000,'N',null);
Insert into MY_TRADE_HISTORY (RENT_NO,RES_NO,PRICE,BORROWER_CASH,TRADE_DATE,DEPOSIT,REFUND_YN,LENDER_CASH) values (17,74,4000,16060,to_date('22/02/15','RR/MM/DD'),3000,'N',null);
Insert into MY_TRADE_HISTORY (RENT_NO,RES_NO,PRICE,BORROWER_CASH,TRADE_DATE,DEPOSIT,REFUND_YN,LENDER_CASH) values (18,75,4000,12060,to_date('22/02/15','RR/MM/DD'),3000,'N',null);
Insert into MY_TRADE_HISTORY (RENT_NO,RES_NO,PRICE,BORROWER_CASH,TRADE_DATE,DEPOSIT,REFUND_YN,LENDER_CASH) values (20,78,1400,10660,to_date('22/02/15','RR/MM/DD'),1000,'N',null);
Insert into MY_TRADE_HISTORY (RENT_NO,RES_NO,PRICE,BORROWER_CASH,TRADE_DATE,DEPOSIT,REFUND_YN,LENDER_CASH) values (26,88,4500,4120,to_date('22/02/16','RR/MM/DD'),3000,'N',50790);
Insert into MY_TRADE_HISTORY (RENT_NO,RES_NO,PRICE,BORROWER_CASH,TRADE_DATE,DEPOSIT,REFUND_YN,LENDER_CASH) values (28,90,7000,13680,to_date('22/02/16','RR/MM/DD'),3000,'N',58290);
Insert into MY_TRADE_HISTORY (RENT_NO,RES_NO,PRICE,BORROWER_CASH,TRADE_DATE,DEPOSIT,REFUND_YN,LENDER_CASH) values (6,59,3500,0,to_date('22/02/15','RR/MM/DD'),3000,'N',null);
Insert into MY_TRADE_HISTORY (RENT_NO,RES_NO,PRICE,BORROWER_CASH,TRADE_DATE,DEPOSIT,REFUND_YN,LENDER_CASH) values (7,60,3500,0,to_date('22/02/15','RR/MM/DD'),3000,'N',null);
Insert into MY_TRADE_HISTORY (RENT_NO,RES_NO,PRICE,BORROWER_CASH,TRADE_DATE,DEPOSIT,REFUND_YN,LENDER_CASH) values (11,66,8000,0,to_date('22/02/15','RR/MM/DD'),5000,'N',null);
Insert into MY_TRADE_HISTORY (RENT_NO,RES_NO,PRICE,BORROWER_CASH,TRADE_DATE,DEPOSIT,REFUND_YN,LENDER_CASH) values (19,77,3500,8560,to_date('22/02/15','RR/MM/DD'),3000,'N',null);
Insert into MY_TRADE_HISTORY (RENT_NO,RES_NO,PRICE,BORROWER_CASH,TRADE_DATE,DEPOSIT,REFUND_YN,LENDER_CASH) values (32,99,3400,58810,to_date('22/02/16','RR/MM/DD'),3000,'N',6960);
Insert into MY_TRADE_HISTORY (RENT_NO,RES_NO,PRICE,BORROWER_CASH,TRADE_DATE,DEPOSIT,REFUND_YN,LENDER_CASH) values (34,103,13000,48732,to_date('22/02/16','RR/MM/DD'),10000,'N',9960);
Insert into MY_TRADE_HISTORY (RENT_NO,RES_NO,PRICE,BORROWER_CASH,TRADE_DATE,DEPOSIT,REFUND_YN,LENDER_CASH) values (35,106,1600,9060,to_date('22/02/16','RR/MM/DD'),1000,'N',2000);
Insert into MY_TRADE_HISTORY (RENT_NO,RES_NO,PRICE,BORROWER_CASH,TRADE_DATE,DEPOSIT,REFUND_YN,LENDER_CASH) values (37,115,6000,17120,to_date('22/02/16','RR/MM/DD'),4000,'N',6000);
REM INSERTING into PERSISTENT_LOGIN
SET DEFINE OFF;
REM INSERTING into PROFILE_IMAGE
SET DEFINE OFF;
REM INSERTING into RENT
SET DEFINE OFF;
REM INSERTING into REPORT_BOARD
SET DEFINE OFF;
Insert into REPORT_BOARD (NO,BOARD_NO,REASON,DETAIL,REPORTER,REG_DATE,BOARD_ID,CONDITION) values (9,111,'광고','그냥 신고해봤어요
ㅋㅋㅋㅋㅋㅋㅋㅋ','honggd',to_date('22/02/13','RR/MM/DD'),'1',0);
Insert into REPORT_BOARD (NO,BOARD_NO,REASON,DETAIL,REPORTER,REG_DATE,BOARD_ID,CONDITION) values (11,119,'도배','자꾸 도배하뮤ㅠ','honggd',to_date('22/02/15','RR/MM/DD'),'1',2);
Insert into REPORT_BOARD (NO,BOARD_NO,REASON,DETAIL,REPORTER,REG_DATE,BOARD_ID,CONDITION) values (18,123,'광고','광고글입니다','honggd',to_date('22/02/16','RR/MM/DD'),'1',1);
Insert into REPORT_BOARD (NO,BOARD_NO,REASON,DETAIL,REPORTER,REG_DATE,BOARD_ID,CONDITION) values (1,32,'욕설','욕설 사용합니다.','sinsa',to_date('22/02/03','RR/MM/DD'),'1',0);
Insert into REPORT_BOARD (NO,BOARD_NO,REASON,DETAIL,REPORTER,REG_DATE,BOARD_ID,CONDITION) values (2,32,'욕설','욕설 사용합니다.','sinsa',to_date('22/02/03','RR/MM/DD'),'1',1);
Insert into REPORT_BOARD (NO,BOARD_NO,REASON,DETAIL,REPORTER,REG_DATE,BOARD_ID,CONDITION) values (3,32,'광고','광고성 글 게시로 신고합니다.','sinsa',to_date('22/02/03','RR/MM/DD'),'1',0);
Insert into REPORT_BOARD (NO,BOARD_NO,REASON,DETAIL,REPORTER,REG_DATE,BOARD_ID,CONDITION) values (5,32,'음란물','음란물이네요...','abcde',to_date('22/02/03','RR/MM/DD'),'1',0);
Insert into REPORT_BOARD (NO,BOARD_NO,REASON,DETAIL,REPORTER,REG_DATE,BOARD_ID,CONDITION) values (6,32,'사기','사기성 글로 보여서 신고합니다.','honggd',to_date('22/02/03','RR/MM/DD'),'1',1);
Insert into REPORT_BOARD (NO,BOARD_NO,REASON,DETAIL,REPORTER,REG_DATE,BOARD_ID,CONDITION) values (10,32,'음란물','게시글 확인 좀 해주세요 .....','sinsa',to_date('22/02/15','RR/MM/DD'),'1',0);
Insert into REPORT_BOARD (NO,BOARD_NO,REASON,DETAIL,REPORTER,REG_DATE,BOARD_ID,CONDITION) values (7,12,'욕설','욕설 사용합니다아아아아아아아아아아아.','honggd',to_date('22/02/12','RR/MM/DD'),'3',0);
Insert into REPORT_BOARD (NO,BOARD_NO,REASON,DETAIL,REPORTER,REG_DATE,BOARD_ID,CONDITION) values (8,32,'사기','사기
칩니다','honggd',to_date('22/02/13','RR/MM/DD'),'1',0);
REM INSERTING into REPORT_USER
SET DEFINE OFF;
Insert into REPORT_USER (NO,REASON,DETAIL,REPORTER,REPORTEE,REG_DATE,CONDITION) values (15,'광고','광고성 게시글 작성합니다','sinsa','delete123',to_date('22/02/03','RR/MM/DD'),0);
Insert into REPORT_USER (NO,REASON,DETAIL,REPORTER,REPORTEE,REG_DATE,CONDITION) values (16,'광고','광고성 게시글 작성합니다','sinsa','delete123',to_date('22/02/04','RR/MM/DD'),0);
Insert into REPORT_USER (NO,REASON,DETAIL,REPORTER,REPORTEE,REG_DATE,CONDITION) values (17,'사기','10만원인데 1만원 보냈습니다.','sinsa','honggd',to_date('22/02/04','RR/MM/DD'),0);
Insert into REPORT_USER (NO,REASON,DETAIL,REPORTER,REPORTEE,REG_DATE,CONDITION) values (18,'도배','도배성 글로 신고합니다.','sinsa','abcde',to_date('22/02/04','RR/MM/DD'),0);
Insert into REPORT_USER (NO,REASON,DETAIL,REPORTER,REPORTEE,REG_DATE,CONDITION) values (19,'광고','광고성 게시글 작성합니다','sinsa','delete123',to_date('22/02/04','RR/MM/DD'),1);
Insert into REPORT_USER (NO,REASON,DETAIL,REPORTER,REPORTEE,REG_DATE,CONDITION) values (20,'사기','10만원인데 1만원 보냈습니다.','sinsa','honggd',to_date('22/02/04','RR/MM/DD'),2);
Insert into REPORT_USER (NO,REASON,DETAIL,REPORTER,REPORTEE,REG_DATE,CONDITION) values (21,'도배','도배성 글로 신고합니다.','sinsa','abcde',to_date('22/02/04','RR/MM/DD'),0);
Insert into REPORT_USER (NO,REASON,DETAIL,REPORTER,REPORTEE,REG_DATE,CONDITION) values (23,'사기','순식간에 사기당했습니다. 
확인 부탁드립니다.','sinsa','honggd',to_date('22/02/15','RR/MM/DD'),0);
Insert into REPORT_USER (NO,REASON,DETAIL,REPORTER,REPORTEE,REG_DATE,CONDITION) values (4,'욕설','비속어를 사용했습니다.','honggd','sinsa',to_date('22/01/25','RR/MM/DD'),1);
Insert into REPORT_USER (NO,REASON,DETAIL,REPORTER,REPORTEE,REG_DATE,CONDITION) values (5,'음란물','자꾸....이상한거 올려요.......','honggd','qwerty',to_date('22/01/25','RR/MM/DD'),0);
Insert into REPORT_USER (NO,REASON,DETAIL,REPORTER,REPORTEE,REG_DATE,CONDITION) values (6,'사기','욕 안 했는데 사기치네요..','sinsa','honggd',to_date('22/01/25','RR/MM/DD'),0);
Insert into REPORT_USER (NO,REASON,DETAIL,REPORTER,REPORTEE,REG_DATE,CONDITION) values (7,'도배','이상한 글로 도배합니다.','abcde','qwerty',to_date('22/01/25','RR/MM/DD'),2);
Insert into REPORT_USER (NO,REASON,DETAIL,REPORTER,REPORTEE,REG_DATE,CONDITION) values (8,'광고','abc초콜릿 광고글 올려요!','qwerty','abcde',to_date('22/01/25','RR/MM/DD'),1);
Insert into REPORT_USER (NO,REASON,DETAIL,REPORTER,REPORTEE,REG_DATE,CONDITION) values (14,'광고','광고성 게시글 작성합니다','sinsa','delete123',to_date('22/02/01','RR/MM/DD'),0);
Insert into REPORT_USER (NO,REASON,DETAIL,REPORTER,REPORTEE,REG_DATE,CONDITION) values (9,'광고','광고성 게시글 작성합니다','sinsa','qwerty',to_date('22/01/26','RR/MM/DD'),2);
Insert into REPORT_USER (NO,REASON,DETAIL,REPORTER,REPORTEE,REG_DATE,CONDITION) values (10,'광고','광고성 게시글 작성합니다','sinsa','qwerty',to_date('22/01/26','RR/MM/DD'),0);
Insert into REPORT_USER (NO,REASON,DETAIL,REPORTER,REPORTEE,REG_DATE,CONDITION) values (11,'사기','10만원인데 1만원 보냈습니다.','sinsa','honggd',to_date('22/01/26','RR/MM/DD'),0);
Insert into REPORT_USER (NO,REASON,DETAIL,REPORTER,REPORTEE,REG_DATE,CONDITION) values (12,'도배','도배성 글로 신고합니다.','sinsa','abcde',to_date('22/01/26','RR/MM/DD'),0);
Insert into REPORT_USER (NO,REASON,DETAIL,REPORTER,REPORTEE,REG_DATE,CONDITION) values (13,'광고','서점 오픈했다고 광고해요.','qwerty','abcde',to_date('22/01/26','RR/MM/DD'),0);
Insert into REPORT_USER (NO,REASON,DETAIL,REPORTER,REPORTEE,REG_DATE,CONDITION) values (22,'사기','신기한 스쿨버스??
ㅋㅋㅋㅋㅋㅋㅋㅋㅋㅋㅋㅋㅋㅋㅋ','sinsa','honggd',to_date('22/02/15','RR/MM/DD'),0);
REM INSERTING into REQUEST_BOARD
SET DEFINE OFF;
Insert into REQUEST_BOARD (NO,WISH_PRICE,BOOK_CONDITION,MEMBER_ID,DELETE_YN,ISBN13) values (13,10000,null,'admin','N','9788983928450');
Insert into REQUEST_BOARD (NO,WISH_PRICE,BOOK_CONDITION,MEMBER_ID,DELETE_YN,ISBN13) values (12,3000,'상','honggd','N','9791161571188');
Insert into REQUEST_BOARD (NO,WISH_PRICE,BOOK_CONDITION,MEMBER_ID,DELETE_YN,ISBN13) values (17,300,'중','yoonjava123','N','9788950997717');
Insert into REQUEST_BOARD (NO,WISH_PRICE,BOOK_CONDITION,MEMBER_ID,DELETE_YN,ISBN13) values (1,1000,'최상','delete123','N','9788926391495');
Insert into REQUEST_BOARD (NO,WISH_PRICE,BOOK_CONDITION,MEMBER_ID,DELETE_YN,ISBN13) values (2,2000,'최상','sinsa','N','9788991239685');
Insert into REQUEST_BOARD (NO,WISH_PRICE,BOOK_CONDITION,MEMBER_ID,DELETE_YN,ISBN13) values (10,500,'최하','honggd','N','9788937833229');
Insert into REQUEST_BOARD (NO,WISH_PRICE,BOOK_CONDITION,MEMBER_ID,DELETE_YN,ISBN13) values (11,3000,'중','honggd','N','9788949152516');
Insert into REQUEST_BOARD (NO,WISH_PRICE,BOOK_CONDITION,MEMBER_ID,DELETE_YN,ISBN13) values (18,500,'상','sinsa','N','9791165343729');
REM INSERTING into REVIEW
SET DEFINE OFF;
Insert into REVIEW (NO,RES_NO,RATING,SENDER_ID,RECEIVER_ID) values (1,1,4,'sinsa','supff55');
Insert into REVIEW (NO,RES_NO,RATING,SENDER_ID,RECEIVER_ID) values (2,94,3,'sinsa','buyer1234');
Insert into REVIEW (NO,RES_NO,RATING,SENDER_ID,RECEIVER_ID) values (5,78,4,'xuulw79','eadxx60');
Insert into REVIEW (NO,RES_NO,RATING,SENDER_ID,RECEIVER_ID) values (6,78,5,'eadxx60','xuulw79');
Insert into REVIEW (NO,RES_NO,RATING,SENDER_ID,RECEIVER_ID) values (7,106,5,'xuulw79','eadxx60');
Insert into REVIEW (NO,RES_NO,RATING,SENDER_ID,RECEIVER_ID) values (8,106,4,'eadxx60','xuulw79');
Insert into REVIEW (NO,RES_NO,RATING,SENDER_ID,RECEIVER_ID) values (9,115,4,'xuulw79','eadxx60');
Insert into REVIEW (NO,RES_NO,RATING,SENDER_ID,RECEIVER_ID) values (10,115,5,'eadxx60','xuulw79');
REM INSERTING into TEST
SET DEFINE OFF;
Insert into TEST (ID,MESSAGE) values (2,'테스트입니다2.');
Insert into TEST (ID,MESSAGE) values (3,'안녕하세요');
Insert into TEST (ID,MESSAGE) values (1,'테스트입니다.');
REM INSERTING into USED_BOARD
SET DEFINE OFF;
Insert into USED_BOARD (USED_BOARD_NO,TITLE,BOOK_STATE,TRADE_METHOD,CATEGORY,CONTENT,WRITER,DELETE_YN,READ_COUNT,REG_DATE,PRICE) values (18,'dd','하','직거래,택배','팝니다','233','admin','Y',1,to_date('22/02/16','RR/MM/DD'),'3333');
Insert into USED_BOARD (USED_BOARD_NO,TITLE,BOOK_STATE,TRADE_METHOD,CATEGORY,CONTENT,WRITER,DELETE_YN,READ_COUNT,REG_DATE,PRICE) values (5,'WE','하','직거래,택배','sell','2222','admin','Y',2,to_date('22/02/16','RR/MM/DD'),'22');
Insert into USED_BOARD (USED_BOARD_NO,TITLE,BOOK_STATE,TRADE_METHOD,CATEGORY,CONTENT,WRITER,DELETE_YN,READ_COUNT,REG_DATE,PRICE) values (11,'SDFA','하','직거래,택배','팝니다','SDDS','sinsa','N',9,to_date('22/02/16','RR/MM/DD'),'212');
Insert into USED_BOARD (USED_BOARD_NO,TITLE,BOOK_STATE,TRADE_METHOD,CATEGORY,CONTENT,WRITER,DELETE_YN,READ_COUNT,REG_DATE,PRICE) values (12,'sss','상','직거래,택배','삽니다','weewrwe','sinsa','N',8,to_date('22/02/16','RR/MM/DD'),'22');
Insert into USED_BOARD (USED_BOARD_NO,TITLE,BOOK_STATE,TRADE_METHOD,CATEGORY,CONTENT,WRITER,DELETE_YN,READ_COUNT,REG_DATE,PRICE) values (13,'자바의 정석 팜 ','중','직거래','팝니다','네고 ㄴ ','sinsa','Y',7,to_date('22/02/16','RR/MM/DD'),'5000');
Insert into USED_BOARD (USED_BOARD_NO,TITLE,BOOK_STATE,TRADE_METHOD,CATEGORY,CONTENT,WRITER,DELETE_YN,READ_COUNT,REG_DATE,PRICE) values (14,'해리포터 마법사의 돌 원서 팝니다 ~ ','하','직거래,택배','팝니다','운미포 4000원이요
상태 좋아요  ','sinsa','N',8,to_date('22/02/16','RR/MM/DD'),'1000');
Insert into USED_BOARD (USED_BOARD_NO,TITLE,BOOK_STATE,TRADE_METHOD,CATEGORY,CONTENT,WRITER,DELETE_YN,READ_COUNT,REG_DATE,PRICE) values (20,'ddd','상','직거래,택배','팝니다','ddd','sinsa','Y',9,to_date('22/02/16','RR/MM/DD'),'22');
Insert into USED_BOARD (USED_BOARD_NO,TITLE,BOOK_STATE,TRADE_METHOD,CATEGORY,CONTENT,WRITER,DELETE_YN,READ_COUNT,REG_DATE,PRICE) values (21,'ss','하','직거래,택배','팝니다','ss','sinsa','Y',20,to_date('22/02/16','RR/MM/DD'),'322');
Insert into USED_BOARD (USED_BOARD_NO,TITLE,BOOK_STATE,TRADE_METHOD,CATEGORY,CONTENT,WRITER,DELETE_YN,READ_COUNT,REG_DATE,PRICE) values (29,'해리포터 한정판 있으신 분 ','최상','직거래,택배','삽니다','10만원에 구해봐요 ','sinsa','N',62,to_date('22/02/16','RR/MM/DD'),'100000');
Insert into USED_BOARD (USED_BOARD_NO,TITLE,BOOK_STATE,TRADE_METHOD,CATEGORY,CONTENT,WRITER,DELETE_YN,READ_COUNT,REG_DATE,PRICE) values (4,'3333','하','직거래,택배','sell','dfas','admin','Y',2,to_date('22/02/16','RR/MM/DD'),'222');
Insert into USED_BOARD (USED_BOARD_NO,TITLE,BOOK_STATE,TRADE_METHOD,CATEGORY,CONTENT,WRITER,DELETE_YN,READ_COUNT,REG_DATE,PRICE) values (15,'달러구트 꿈 백화점 싸게 구해봅니다','중','직거래','삽니다','다 보신 분 팔아주세요 
상태는 하만 아니면 다 가능 ~ 
직거래 신림역 근처요 ','honggd','N',4,to_date('22/02/16','RR/MM/DD'),'2000');
Insert into USED_BOARD (USED_BOARD_NO,TITLE,BOOK_STATE,TRADE_METHOD,CATEGORY,CONTENT,WRITER,DELETE_YN,READ_COUNT,REG_DATE,PRICE) values (16,'시나공 정처기 책 팔아요 ','상','직거래,택배','팝니다','필기 하나도 안했습니다
직거래 택배 다 가능 
찔러보기 X','honggd','N',14,to_date('22/02/16','RR/MM/DD'),'5000');
Insert into USED_BOARD (USED_BOARD_NO,TITLE,BOOK_STATE,TRADE_METHOD,CATEGORY,CONTENT,WRITER,DELETE_YN,READ_COUNT,REG_DATE,PRICE) values (17,'듄 전권 세트 판매합니다','최상','직거래,택배','팝니다','택미포 
상태 최상입니다 
네고 사절 
직거래 용산역 
택배거래시 배송비 +4000','honggd','N',134,to_date('22/02/16','RR/MM/DD'),'80000');
Insert into USED_BOARD (USED_BOARD_NO,TITLE,BOOK_STATE,TRADE_METHOD,CATEGORY,CONTENT,WRITER,DELETE_YN,READ_COUNT,REG_DATE,PRICE) values (19,'ee','하','직거래,택배','팝니다','wwer','sinsa','Y',1,to_date('22/02/16','RR/MM/DD'),'222');
Insert into USED_BOARD (USED_BOARD_NO,TITLE,BOOK_STATE,TRADE_METHOD,CATEGORY,CONTENT,WRITER,DELETE_YN,READ_COUNT,REG_DATE,PRICE) values (3,'werwqe','하','직거래,택배','sell','3333','admin','Y',13,to_date('22/02/16','RR/MM/DD'),'333');
Insert into USED_BOARD (USED_BOARD_NO,TITLE,BOOK_STATE,TRADE_METHOD,CATEGORY,CONTENT,WRITER,DELETE_YN,READ_COUNT,REG_DATE,PRICE) values (6,'asdf','상','직거래,택배','sell','asdfafsd','admin','Y',2,to_date('22/02/16','RR/MM/DD'),'12312213');
Insert into USED_BOARD (USED_BOARD_NO,TITLE,BOOK_STATE,TRADE_METHOD,CATEGORY,CONTENT,WRITER,DELETE_YN,READ_COUNT,REG_DATE,PRICE) values (7,'asdf','하','직거래,택배','sell','asdfadsf','sinsa','Y',4,to_date('22/02/16','RR/MM/DD'),'123132');
Insert into USED_BOARD (USED_BOARD_NO,TITLE,BOOK_STATE,TRADE_METHOD,CATEGORY,CONTENT,WRITER,DELETE_YN,READ_COUNT,REG_DATE,PRICE) values (8,'eee','하','직거래,택배','sell','eeeeeeee','sinsa','Y',1,to_date('22/02/16','RR/MM/DD'),'11111');
Insert into USED_BOARD (USED_BOARD_NO,TITLE,BOOK_STATE,TRADE_METHOD,CATEGORY,CONTENT,WRITER,DELETE_YN,READ_COUNT,REG_DATE,PRICE) values (22,'ddd','하','택배','팝니다','sdfads','sinsa','Y',1,to_date('22/02/16','RR/MM/DD'),'22');
Insert into USED_BOARD (USED_BOARD_NO,TITLE,BOOK_STATE,TRADE_METHOD,CATEGORY,CONTENT,WRITER,DELETE_YN,READ_COUNT,REG_DATE,PRICE) values (24,'ss','상','택배','팝니다','ㅁㄴㅇㄹㄴㅇㅇㄴㄴㅇ','sinsa','Y',2,to_date('22/02/16','RR/MM/DD'),'322');
Insert into USED_BOARD (USED_BOARD_NO,TITLE,BOOK_STATE,TRADE_METHOD,CATEGORY,CONTENT,WRITER,DELETE_YN,READ_COUNT,REG_DATE,PRICE) values (26,'ss','하','택배','팝니다','ㅁㄴㅇㄹㄻㄴㅇㄹㅇㄴㅁㅇㄴㅁㄹㅇㄻㄴㅇㄹ','sinsa','Y',2,to_date('22/02/16','RR/MM/DD'),'322');
Insert into USED_BOARD (USED_BOARD_NO,TITLE,BOOK_STATE,TRADE_METHOD,CATEGORY,CONTENT,WRITER,DELETE_YN,READ_COUNT,REG_DATE,PRICE) values (28,'해리포터 마법사의 돌 원서 팝니다 ~ ','하','택배','팝니다','ㄴㄴㄴㄴ','sinsa','N',12,to_date('22/02/16','RR/MM/DD'),'1000');
Insert into USED_BOARD (USED_BOARD_NO,TITLE,BOOK_STATE,TRADE_METHOD,CATEGORY,CONTENT,WRITER,DELETE_YN,READ_COUNT,REG_DATE,PRICE) values (31,'해리포터 한정판 있으신 분 ','하','택배','팝니다','ㅁㅇㄴㄹㅇㅁㄴㄹㄴㅁㅇ','sinsa','Y',1,to_date('22/02/16','RR/MM/DD'),'100000');
REM INSERTING into USED_BOARD_ATTACHMENT
SET DEFINE OFF;
Insert into USED_BOARD_ATTACHMENT (NO,ORIGINAL_FILENAME,RENAMED_FILENAME,REG_DATE,USED_BOARD_NO) values (7,'ssssss.JPG','20220216_205330074_170.JPG',to_date('22/02/16','RR/MM/DD'),18);
Insert into USED_BOARD_ATTACHMENT (NO,ORIGINAL_FILENAME,RENAMED_FILENAME,REG_DATE,USED_BOARD_NO) values (2,'ssssss.JPG','20220216_160817955_484.JPG',to_date('22/02/16','RR/MM/DD'),11);
Insert into USED_BOARD_ATTACHMENT (NO,ORIGINAL_FILENAME,RENAMED_FILENAME,REG_DATE,USED_BOARD_NO) values (3,'다운로드 (3).jpg','20220216_194713008_174.jpg',to_date('22/02/16','RR/MM/DD'),13);
Insert into USED_BOARD_ATTACHMENT (NO,ORIGINAL_FILENAME,RENAMED_FILENAME,REG_DATE,USED_BOARD_NO) values (4,'다운로드 (1).jpg','20220216_194750551_866.jpg',to_date('22/02/16','RR/MM/DD'),14);
Insert into USED_BOARD_ATTACHMENT (NO,ORIGINAL_FILENAME,RENAMED_FILENAME,REG_DATE,USED_BOARD_NO) values (9,'다운로드.jpg','20220217_014154010_775.jpg',to_date('22/02/17','RR/MM/DD'),20);
Insert into USED_BOARD_ATTACHMENT (NO,ORIGINAL_FILENAME,RENAMED_FILENAME,REG_DATE,USED_BOARD_NO) values (10,'다운로드 (2).jpg','20220217_014437518_568.jpg',to_date('22/02/17','RR/MM/DD'),21);
Insert into USED_BOARD_ATTACHMENT (NO,ORIGINAL_FILENAME,RENAMED_FILENAME,REG_DATE,USED_BOARD_NO) values (11,'다운로드 (5).jpg','20220217_024540428_142.jpg',to_date('22/02/17','RR/MM/DD'),29);
Insert into USED_BOARD_ATTACHMENT (NO,ORIGINAL_FILENAME,RENAMED_FILENAME,REG_DATE,USED_BOARD_NO) values (12,'20561D344EB1EF962B.jpg','20220217_024540429_898.jpg',to_date('22/02/17','RR/MM/DD'),29);
Insert into USED_BOARD_ATTACHMENT (NO,ORIGINAL_FILENAME,RENAMED_FILENAME,REG_DATE,USED_BOARD_NO) values (5,'다운로드 (4).jpg','20220216_195013825_611.jpg',to_date('22/02/16','RR/MM/DD'),16);
Insert into USED_BOARD_ATTACHMENT (NO,ORIGINAL_FILENAME,RENAMED_FILENAME,REG_DATE,USED_BOARD_NO) values (6,'다운로드.jpg','20220216_195055978_284.jpg',to_date('22/02/16','RR/MM/DD'),17);
Insert into USED_BOARD_ATTACHMENT (NO,ORIGINAL_FILENAME,RENAMED_FILENAME,REG_DATE,USED_BOARD_NO) values (8,'asdfdasfasfdafsd.JPG','20220217_012643600_256.JPG',to_date('22/02/17','RR/MM/DD'),19);
REM INSERTING into WISHLIST
SET DEFINE OFF;
Insert into WISHLIST (MEMBER_ID,BOARD_NO) values ('abcde',38);
Insert into WISHLIST (MEMBER_ID,BOARD_NO) values ('qktnn78',38);
Insert into WISHLIST (MEMBER_ID,BOARD_NO) values ('qwerty',38);
Insert into WISHLIST (MEMBER_ID,BOARD_NO) values ('honggd',43);
Insert into WISHLIST (MEMBER_ID,BOARD_NO) values ('honggd',46);
Insert into WISHLIST (MEMBER_ID,BOARD_NO) values ('owjwi77',46);
Insert into WISHLIST (MEMBER_ID,BOARD_NO) values ('qwerty',46);
Insert into WISHLIST (MEMBER_ID,BOARD_NO) values ('sinsa',46);
--------------------------------------------------------
--  DDL for Index PK_ADDRESS_MEMBER_ID
--------------------------------------------------------

  CREATE UNIQUE INDEX "PK_ADDRESS_MEMBER_ID" ON "ADDRESS" ("MEMBER_ID") 
  ;
--------------------------------------------------------
--  DDL for Index PK_ADMIN_INQUIRE_NO
--------------------------------------------------------

  CREATE UNIQUE INDEX "PK_ADMIN_INQUIRE_NO" ON "ADMIN_INQUIRE" ("NO") 
  ;
--------------------------------------------------------
--  DDL for Index PK_AUTHORITY_AUTHORITY
--------------------------------------------------------

  CREATE UNIQUE INDEX "PK_AUTHORITY_AUTHORITY" ON "AUTHORITY" ("AUTHORITY", "MEMBER_ID") 
  ;
--------------------------------------------------------
--  DDL for Index PK_BOARD_ID_BOARD_ID
--------------------------------------------------------

  CREATE UNIQUE INDEX "PK_BOARD_ID_BOARD_ID" ON "BOARD_ID" ("BOARD_ID") 
  ;
--------------------------------------------------------
--  DDL for Index PK_BOOK_COLLECTION_NO_COLLECTION_NO
--------------------------------------------------------

  CREATE UNIQUE INDEX "PK_BOOK_COLLECTION_NO_COLLECTION_NO" ON "BOOK_COLLECTION" ("NO") 
  ;
--------------------------------------------------------
--  DDL for Index PK_BOOK_COLLECTION_LIST_NO
--------------------------------------------------------

  CREATE UNIQUE INDEX "PK_BOOK_COLLECTION_LIST_NO" ON "BOOK_COLLECTION_LIST" ("NO") 
  ;
--------------------------------------------------------
--  DDL for Index PK_BOOK_INFO_ISBN13
--------------------------------------------------------

  CREATE UNIQUE INDEX "PK_BOOK_INFO_ISBN13" ON "BOOK_INFO" ("ISBN13") 
  ;
--------------------------------------------------------
--  DDL for Index PK_BOOK_REVIEW_REVIEW_NO
--------------------------------------------------------

  CREATE UNIQUE INDEX "PK_BOOK_REVIEW_REVIEW_NO" ON "BOOK_REVIEW" ("REVIEW_NO") 
  ;
--------------------------------------------------------
--  DDL for Index PK_BOOKING_BOARD_NO
--------------------------------------------------------

  CREATE UNIQUE INDEX "PK_BOOKING_BOARD_NO" ON "BOOKING" ("BOARD_NO") 
  ;
--------------------------------------------------------
--  DDL for Index PK_BOOKING_RESERVATION_RES_NO
--------------------------------------------------------

  CREATE UNIQUE INDEX "PK_BOOKING_RESERVATION_RES_NO" ON "BOOKING_RESERVATION" ("RES_NO") 
  ;
--------------------------------------------------------
--  DDL for Index PK_CHARGE_HISTORY_IMP_UID
--------------------------------------------------------

  CREATE UNIQUE INDEX "PK_CHARGE_HISTORY_IMP_UID" ON "CHARGE_HISTORY" ("IMP_UID") 
  ;
--------------------------------------------------------
--  DDL for Index UQ_CHARGE_HISTORY_MERCHANT_UID
--------------------------------------------------------

  CREATE UNIQUE INDEX "UQ_CHARGE_HISTORY_MERCHANT_UID" ON "CHARGE_HISTORY" ("MERCHANT_UID") 
  ;
--------------------------------------------------------
--  DDL for Index PK_CHAT_ROOM_CHAT_ROOM_ID_CHAT_MEMBER_ID
--------------------------------------------------------

  CREATE UNIQUE INDEX "PK_CHAT_ROOM_CHAT_ROOM_ID_CHAT_MEMBER_ID" ON "CHAT_ROOM" ("CHAT_ROOM_ID") 
  ;
--------------------------------------------------------
--  DDL for Index PK_COMMUNITY_COMMUNITY_NO
--------------------------------------------------------

  CREATE UNIQUE INDEX "PK_COMMUNITY_COMMUNITY_NO" ON "COMMUNITY" ("COMMUNITY_NO") 
  ;
--------------------------------------------------------
--  DDL for Index PK_COMMUNITY_ATTACHMENT_NO
--------------------------------------------------------

  CREATE UNIQUE INDEX "PK_COMMUNITY_ATTACHMENT_NO" ON "COMMUNITY_ATTACHMENT" ("NO") 
  ;
--------------------------------------------------------
--  DDL for Index PK_COMMUNITY_COMMENT
--------------------------------------------------------

  CREATE UNIQUE INDEX "PK_COMMUNITY_COMMENT" ON "COMMUNITY_COMMENT" ("NO") 
  ;
--------------------------------------------------------
--  DDL for Index COMMUNITY_LIKE_PK
--------------------------------------------------------

  CREATE UNIQUE INDEX "COMMUNITY_LIKE_PK" ON "COMMUNITY_LIKE" ("LIKE_NO") 
  ;
--------------------------------------------------------
--  DDL for Index PK_INQUIRE_NO
--------------------------------------------------------

  CREATE UNIQUE INDEX "PK_INQUIRE_NO" ON "INQUIRE" ("NO") 
  ;
--------------------------------------------------------
--  DDL for Index UQ_MEMBER_EMAIL
--------------------------------------------------------

  CREATE UNIQUE INDEX "UQ_MEMBER_EMAIL" ON "MEMBER" ("EMAIL") 
  ;
--------------------------------------------------------
--  DDL for Index UQ_MEMBER_NICKNAME
--------------------------------------------------------

  CREATE UNIQUE INDEX "UQ_MEMBER_NICKNAME" ON "MEMBER" ("NICKNAME") 
  ;
--------------------------------------------------------
--  DDL for Index PK_MEMBER_ID
--------------------------------------------------------

  CREATE UNIQUE INDEX "PK_MEMBER_ID" ON "MEMBER" ("ID") 
  ;
--------------------------------------------------------
--  DDL for Index PK_MENU_ID
--------------------------------------------------------

  CREATE UNIQUE INDEX "PK_MENU_ID" ON "MENU" ("ID") 
  ;
--------------------------------------------------------
--  DDL for Index UQ_MENU
--------------------------------------------------------

  CREATE UNIQUE INDEX "UQ_MENU" ON "MENU" ("RESTAURANT", "NAME", "TASTE") 
  ;
--------------------------------------------------------
--  DDL for Index PK_MY_TRADE_HISTORY_RENT_NO
--------------------------------------------------------

  CREATE UNIQUE INDEX "PK_MY_TRADE_HISTORY_RENT_NO" ON "MY_TRADE_HISTORY" ("RENT_NO") 
  ;
--------------------------------------------------------
--  DDL for Index PK_PERSISTENT_LOGIN_SERIES
--------------------------------------------------------

  CREATE UNIQUE INDEX "PK_PERSISTENT_LOGIN_SERIES" ON "PERSISTENT_LOGIN" ("SERIES") 
  ;
--------------------------------------------------------
--  DDL for Index PK_PROFILE_IMAGE
--------------------------------------------------------

  CREATE UNIQUE INDEX "PK_PROFILE_IMAGE" ON "PROFILE_IMAGE" ("MEMBER_ID") 
  ;
--------------------------------------------------------
--  DDL for Index PK_RENT_RENT_NO
--------------------------------------------------------

  CREATE UNIQUE INDEX "PK_RENT_RENT_NO" ON "RENT" ("RENT_NO") 
  ;
--------------------------------------------------------
--  DDL for Index PK_REPORT_BOARD_NO
--------------------------------------------------------

  CREATE UNIQUE INDEX "PK_REPORT_BOARD_NO" ON "REPORT_BOARD" ("NO") 
  ;
--------------------------------------------------------
--  DDL for Index PK_REPORT_USER_NO
--------------------------------------------------------

  CREATE UNIQUE INDEX "PK_REPORT_USER_NO" ON "REPORT_USER" ("NO") 
  ;
--------------------------------------------------------
--  DDL for Index PK_REQUEST_BOARD_NO
--------------------------------------------------------

  CREATE UNIQUE INDEX "PK_REQUEST_BOARD_NO" ON "REQUEST_BOARD" ("NO") 
  ;
--------------------------------------------------------
--  DDL for Index PK_REVIEW_NO
--------------------------------------------------------

  CREATE UNIQUE INDEX "PK_REVIEW_NO" ON "REVIEW" ("NO") 
  ;
--------------------------------------------------------
--  DDL for Index PK_USED_BOARD_USED_BOARD_NO
--------------------------------------------------------

  CREATE UNIQUE INDEX "PK_USED_BOARD_USED_BOARD_NO" ON "USED_BOARD" ("USED_BOARD_NO") 
  ;
--------------------------------------------------------
--  DDL for Index PK_USERD_BOARD_ATTACHMENT
--------------------------------------------------------

  CREATE UNIQUE INDEX "PK_USERD_BOARD_ATTACHMENT" ON "USED_BOARD_ATTACHMENT" ("NO") 
  ;
--------------------------------------------------------
--  DDL for Index PK_WISHLIST_BOARD_NO_MEMBER_ID
--------------------------------------------------------

  CREATE UNIQUE INDEX "PK_WISHLIST_BOARD_NO_MEMBER_ID" ON "WISHLIST" ("BOARD_NO", "MEMBER_ID") 
  ;
--------------------------------------------------------
--  DDL for Trigger TR_BOOK_RESERVATION
--------------------------------------------------------

  CREATE OR REPLACE EDITIONABLE TRIGGER "TR_BOOK_RESERVATION" 
AFTER INSERT ON booking
FOR EACH ROW
BEGIN
    INSERT INTO BOOKING_RESERVATION values(
   		seq_booking_reservation_res_no.nextval, :NEW.board_no, to_date('1900-01-01'), to_date('1900-01-01'), NULL, DEFAULT, '', ''
    );
END tr_book_reservation;
/
ALTER TRIGGER "TR_BOOK_RESERVATION" ENABLE;
--------------------------------------------------------
--  DDL for Trigger TRIG_MEMBER
--------------------------------------------------------

  CREATE OR REPLACE EDITIONABLE TRIGGER "TRIG_MEMBER" 
	AFTER
	INSERT ON charge_history
	FOR EACH ROW
BEGIN 
	UPDATE
		MEMBER
	SET cash = cash + :NEW.charge_cash + :NEW.bonus_cash
	WHERE id = :NEW.member_id;
END;
/
ALTER TRIGGER "TRIG_MEMBER" ENABLE;
--------------------------------------------------------
--  Constraints for Table ADDRESS
--------------------------------------------------------

  ALTER TABLE "ADDRESS" MODIFY ("MEMBER_ID" NOT NULL ENABLE);
  ALTER TABLE "ADDRESS" MODIFY ("DEPTH1" NOT NULL ENABLE);
  ALTER TABLE "ADDRESS" MODIFY ("DEPTH2" NOT NULL ENABLE);
  ALTER TABLE "ADDRESS" MODIFY ("DEPTH3" NOT NULL ENABLE);
  ALTER TABLE "ADDRESS" MODIFY ("LATITUDE" NOT NULL ENABLE);
  ALTER TABLE "ADDRESS" MODIFY ("LONGITUDE" NOT NULL ENABLE);
  ALTER TABLE "ADDRESS" ADD CONSTRAINT "PK_ADDRESS_MEMBER_ID" PRIMARY KEY ("MEMBER_ID")
  USING INDEX  ENABLE;
--------------------------------------------------------
--  Constraints for Table ADMIN_INQUIRE
--------------------------------------------------------

  ALTER TABLE "ADMIN_INQUIRE" ADD CONSTRAINT "PK_ADMIN_INQUIRE_NO" PRIMARY KEY ("NO")
  USING INDEX  ENABLE;
--------------------------------------------------------
--  Constraints for Table AUTHORITY
--------------------------------------------------------

  ALTER TABLE "AUTHORITY" MODIFY ("AUTHORITY" NOT NULL ENABLE);
  ALTER TABLE "AUTHORITY" MODIFY ("MEMBER_ID" NOT NULL ENABLE);
  ALTER TABLE "AUTHORITY" ADD CONSTRAINT "PK_AUTHORITY_AUTHORITY" PRIMARY KEY ("AUTHORITY", "MEMBER_ID")
  USING INDEX  ENABLE;
--------------------------------------------------------
--  Constraints for Table BOARD_ID
--------------------------------------------------------

  ALTER TABLE "BOARD_ID" MODIFY ("BOARD_ID" NOT NULL ENABLE);
  ALTER TABLE "BOARD_ID" MODIFY ("BOARD_NAME" NOT NULL ENABLE);
  ALTER TABLE "BOARD_ID" ADD CONSTRAINT "PK_BOARD_ID_BOARD_ID" PRIMARY KEY ("BOARD_ID")
  USING INDEX  ENABLE;
--------------------------------------------------------
--  Constraints for Table BOOK_COLLECTION
--------------------------------------------------------

  ALTER TABLE "BOOK_COLLECTION" MODIFY ("NO" NOT NULL ENABLE);
  ALTER TABLE "BOOK_COLLECTION" MODIFY ("COLLECTION_NAME" NOT NULL ENABLE);
  ALTER TABLE "BOOK_COLLECTION" MODIFY ("MEMBER_ID" NOT NULL ENABLE);
  ALTER TABLE "BOOK_COLLECTION" ADD CONSTRAINT "PK_BOOK_COLLECTION_NO_COLLECTION_NO" PRIMARY KEY ("NO")
  USING INDEX  ENABLE;
--------------------------------------------------------
--  Constraints for Table BOOK_COLLECTION_LIST
--------------------------------------------------------

  ALTER TABLE "BOOK_COLLECTION_LIST" MODIFY ("NO" NOT NULL ENABLE);
  ALTER TABLE "BOOK_COLLECTION_LIST" MODIFY ("BOOK_COLLECTION_NO" NOT NULL ENABLE);
  ALTER TABLE "BOOK_COLLECTION_LIST" MODIFY ("ISBN13" NOT NULL ENABLE);
  ALTER TABLE "BOOK_COLLECTION_LIST" ADD CONSTRAINT "PK_BOOK_COLLECTION_LIST_NO" PRIMARY KEY ("NO")
  USING INDEX  ENABLE;
--------------------------------------------------------
--  Constraints for Table BOOK_INFO
--------------------------------------------------------

  ALTER TABLE "BOOK_INFO" MODIFY ("ISBN13" NOT NULL ENABLE);
  ALTER TABLE "BOOK_INFO" MODIFY ("TITLE" NOT NULL ENABLE);
  ALTER TABLE "BOOK_INFO" MODIFY ("AUTHOR" NOT NULL ENABLE);
  ALTER TABLE "BOOK_INFO" MODIFY ("PUBLISHER" NOT NULL ENABLE);
  ALTER TABLE "BOOK_INFO" MODIFY ("PUBDATE" NOT NULL ENABLE);
  ALTER TABLE "BOOK_INFO" ADD CONSTRAINT "PK_BOOK_INFO_ISBN13" PRIMARY KEY ("ISBN13")
  USING INDEX  ENABLE;
--------------------------------------------------------
--  Constraints for Table BOOK_REVIEW
--------------------------------------------------------

  ALTER TABLE "BOOK_REVIEW" MODIFY ("ISBN13" NOT NULL ENABLE);
  ALTER TABLE "BOOK_REVIEW" MODIFY ("RATING" NOT NULL ENABLE);
  ALTER TABLE "BOOK_REVIEW" MODIFY ("WRITER" NOT NULL ENABLE);
  ALTER TABLE "BOOK_REVIEW" MODIFY ("DELETE_YN" NOT NULL ENABLE);
  ALTER TABLE "BOOK_REVIEW" ADD CONSTRAINT "CK_BOOK_REVIEW_DELETE_YN" CHECK (delete_yn IN ('Y', 'N')) ENABLE;
  ALTER TABLE "BOOK_REVIEW" ADD CONSTRAINT "PK_BOOK_REVIEW_REVIEW_NO" PRIMARY KEY ("REVIEW_NO")
  USING INDEX  ENABLE;
--------------------------------------------------------
--  Constraints for Table BOOKING
--------------------------------------------------------

  ALTER TABLE "BOOKING" MODIFY ("REG_DATE" NOT NULL ENABLE);
  ALTER TABLE "BOOKING" MODIFY ("BOARD_NO" NOT NULL ENABLE);
  ALTER TABLE "BOOKING" MODIFY ("CONTENT" NOT NULL ENABLE);
  ALTER TABLE "BOOKING" MODIFY ("BOOK_STATUS" NOT NULL ENABLE);
  ALTER TABLE "BOOKING" MODIFY ("DEPOSIT" NOT NULL ENABLE);
  ALTER TABLE "BOOKING" MODIFY ("WRITER" NOT NULL ENABLE);
  ALTER TABLE "BOOKING" MODIFY ("ISBN13" NOT NULL ENABLE);
  ALTER TABLE "BOOKING" ADD CONSTRAINT "CK_BOOKING_BOOK_STATUS" CHECK (book_status IN ('최상', '상', '중', '하', '최하')) ENABLE;
  ALTER TABLE "BOOKING" ADD CONSTRAINT "CK_BOOKING_DELETE_YN" CHECK (delete_yn IN ('Y', 'N')) ENABLE;
  ALTER TABLE "BOOKING" ADD CONSTRAINT "PK_BOOKING_BOARD_NO" PRIMARY KEY ("BOARD_NO")
  USING INDEX  ENABLE;
--------------------------------------------------------
--  Constraints for Table BOOKING_RESERVATION
--------------------------------------------------------

  ALTER TABLE "BOOKING_RESERVATION" ADD CONSTRAINT "BOOKING_RESERVATION_CK_STATUS" CHECK (status IN('대여중', '대여거부','반납완료','분실', '대기', '')) ENABLE;
  ALTER TABLE "BOOKING_RESERVATION" ADD CONSTRAINT "PK_BOOKING_RESERVATION_RES_NO" PRIMARY KEY ("RES_NO")
  USING INDEX  ENABLE;
--------------------------------------------------------
--  Constraints for Table CHARGE_HISTORY
--------------------------------------------------------

  ALTER TABLE "CHARGE_HISTORY" MODIFY ("IMP_UID" NOT NULL ENABLE);
  ALTER TABLE "CHARGE_HISTORY" MODIFY ("MERCHANT_UID" NOT NULL ENABLE);
  ALTER TABLE "CHARGE_HISTORY" MODIFY ("PG_TID" NOT NULL ENABLE);
  ALTER TABLE "CHARGE_HISTORY" MODIFY ("CHARGE_CASH" NOT NULL ENABLE);
  ALTER TABLE "CHARGE_HISTORY" MODIFY ("CHARGE_DATE" NOT NULL ENABLE);
  ALTER TABLE "CHARGE_HISTORY" MODIFY ("MEMBER_ID" NOT NULL ENABLE);
  ALTER TABLE "CHARGE_HISTORY" ADD CONSTRAINT "CK_CHARGE_HISTORY_CHARGE_CASH" CHECK (charge_cash IN (2000, 5000, 10000, 20000)) ENABLE;
  ALTER TABLE "CHARGE_HISTORY" ADD CONSTRAINT "PK_CHARGE_HISTORY_IMP_UID" PRIMARY KEY ("IMP_UID")
  USING INDEX  ENABLE;
  ALTER TABLE "CHARGE_HISTORY" ADD CONSTRAINT "UQ_CHARGE_HISTORY_MERCHANT_UID" UNIQUE ("MERCHANT_UID")
  USING INDEX  ENABLE;
--------------------------------------------------------
--  Constraints for Table CHAT_HISTORY
--------------------------------------------------------

  ALTER TABLE "CHAT_HISTORY" MODIFY ("CHAT_ROOM_ID" NOT NULL ENABLE);
  ALTER TABLE "CHAT_HISTORY" MODIFY ("SENDER_ID" NOT NULL ENABLE);
--------------------------------------------------------
--  Constraints for Table CHAT_ROOM
--------------------------------------------------------

  ALTER TABLE "CHAT_ROOM" MODIFY ("CHAT_ROOM_ID" NOT NULL ENABLE);
  ALTER TABLE "CHAT_ROOM" MODIFY ("CHAT_MEMBER_ID" NOT NULL ENABLE);
  ALTER TABLE "CHAT_ROOM" ADD CONSTRAINT "PK_CHAT_ROOM_CHAT_ROOM_ID_CHAT_MEMBER_ID" PRIMARY KEY ("CHAT_ROOM_ID")
  USING INDEX  ENABLE;
--------------------------------------------------------
--  Constraints for Table COMMUNITY
--------------------------------------------------------

  ALTER TABLE "COMMUNITY" MODIFY ("COMMUNITY_NO" NOT NULL ENABLE);
  ALTER TABLE "COMMUNITY" MODIFY ("TITLE" NOT NULL ENABLE);
  ALTER TABLE "COMMUNITY" MODIFY ("CONTENT" NOT NULL ENABLE);
  ALTER TABLE "COMMUNITY" MODIFY ("REG_DATE" NOT NULL ENABLE);
  ALTER TABLE "COMMUNITY" MODIFY ("READ_COUNT" NOT NULL ENABLE);
  ALTER TABLE "COMMUNITY" MODIFY ("MEMBER_ID" NOT NULL ENABLE);
  ALTER TABLE "COMMUNITY" ADD CONSTRAINT "CK_COMMUNITY_CATEGORY" CHECK (category IN ('독서모임', '사담', '도서추천')) ENABLE;
  ALTER TABLE "COMMUNITY" ADD CONSTRAINT "CK_COMMUNITY_REPORT_YN" CHECK (report_yn IN ('Y', 'N')) ENABLE;
  ALTER TABLE "COMMUNITY" ADD CONSTRAINT "CK_COMMUNITY_DELETE_YN" CHECK (delete_yn IN ('Y', 'N')) ENABLE;
  ALTER TABLE "COMMUNITY" ADD CONSTRAINT "PK_COMMUNITY_COMMUNITY_NO" PRIMARY KEY ("COMMUNITY_NO")
  USING INDEX  ENABLE;
--------------------------------------------------------
--  Constraints for Table COMMUNITY_ATTACHMENT
--------------------------------------------------------

  ALTER TABLE "COMMUNITY_ATTACHMENT" MODIFY ("NO" NOT NULL ENABLE);
  ALTER TABLE "COMMUNITY_ATTACHMENT" MODIFY ("ORIGINAL_FILENAME" NOT NULL ENABLE);
  ALTER TABLE "COMMUNITY_ATTACHMENT" MODIFY ("RENAMED_FILENAME" NOT NULL ENABLE);
  ALTER TABLE "COMMUNITY_ATTACHMENT" MODIFY ("REG_DATE" NOT NULL ENABLE);
  ALTER TABLE "COMMUNITY_ATTACHMENT" MODIFY ("COMMUNITY_NO" NOT NULL ENABLE);
  ALTER TABLE "COMMUNITY_ATTACHMENT" ADD CONSTRAINT "PK_COMMUNITY_ATTACHMENT_NO" PRIMARY KEY ("NO")
  USING INDEX  ENABLE;
--------------------------------------------------------
--  Constraints for Table COMMUNITY_COMMENT
--------------------------------------------------------

  ALTER TABLE "COMMUNITY_COMMENT" MODIFY ("IS_PARENT" NOT NULL ENABLE);
  ALTER TABLE "COMMUNITY_COMMENT" MODIFY ("NO" NOT NULL ENABLE);
  ALTER TABLE "COMMUNITY_COMMENT" MODIFY ("CONTENT" NOT NULL ENABLE);
  ALTER TABLE "COMMUNITY_COMMENT" MODIFY ("REG_DATE" NOT NULL ENABLE);
  ALTER TABLE "COMMUNITY_COMMENT" MODIFY ("COMMUNITY_NO" NOT NULL ENABLE);
  ALTER TABLE "COMMUNITY_COMMENT" MODIFY ("WRITER" NOT NULL ENABLE);
  ALTER TABLE "COMMUNITY_COMMENT" MODIFY ("COMMENT_LEVEL" NOT NULL ENABLE);
  ALTER TABLE "COMMUNITY_COMMENT" ADD CONSTRAINT "CK_COMMUNITY_COMMENT_DELETE_YN" CHECK (delete_yn IN ('Y', 'N')) ENABLE;
  ALTER TABLE "COMMUNITY_COMMENT" ADD CONSTRAINT "PK_COMMUNITY_COMMENT" PRIMARY KEY ("NO")
  USING INDEX  ENABLE;
--------------------------------------------------------
--  Constraints for Table COMMUNITY_LIKE
--------------------------------------------------------

  ALTER TABLE "COMMUNITY_LIKE" MODIFY ("MEMBER_ID" NOT NULL ENABLE);
  ALTER TABLE "COMMUNITY_LIKE" MODIFY ("COMMUNITY_NO" NOT NULL ENABLE);
  ALTER TABLE "COMMUNITY_LIKE" MODIFY ("LIKE_NO" NOT NULL ENABLE);
  ALTER TABLE "COMMUNITY_LIKE" ADD CONSTRAINT "COMMUNITY_LIKE_PK" PRIMARY KEY ("LIKE_NO")
  USING INDEX  ENABLE;
--------------------------------------------------------
--  Constraints for Table INQUIRE
--------------------------------------------------------

  ALTER TABLE "INQUIRE" MODIFY ("NO" NOT NULL ENABLE);
  ALTER TABLE "INQUIRE" MODIFY ("TITLE" NOT NULL ENABLE);
  ALTER TABLE "INQUIRE" MODIFY ("CATEGORY" NOT NULL ENABLE);
  ALTER TABLE "INQUIRE" MODIFY ("CONTENT" NOT NULL ENABLE);
  ALTER TABLE "INQUIRE" MODIFY ("REG_DATE" NOT NULL ENABLE);
  ALTER TABLE "INQUIRE" MODIFY ("MEMBER_ID" NOT NULL ENABLE);
  ALTER TABLE "INQUIRE" ADD CONSTRAINT "CK_INQUIRE_CATEGORY" CHECK (category IN ('게시판', '북토리', '대여')) ENABLE;
  ALTER TABLE "INQUIRE" ADD CONSTRAINT "PK_INQUIRE_NO" PRIMARY KEY ("NO")
  USING INDEX  ENABLE;
--------------------------------------------------------
--  Constraints for Table MEMBER
--------------------------------------------------------

  ALTER TABLE "MEMBER" MODIFY ("ID" NOT NULL ENABLE);
  ALTER TABLE "MEMBER" MODIFY ("NAME" NOT NULL ENABLE);
  ALTER TABLE "MEMBER" MODIFY ("ENABLED" NOT NULL ENABLE);
  ALTER TABLE "MEMBER" MODIFY ("REPORT_YN" NOT NULL ENABLE);
  ALTER TABLE "MEMBER" MODIFY ("CASH" NOT NULL ENABLE);
  ALTER TABLE "MEMBER" ADD CONSTRAINT "CK_MEMBER_ENABLED" CHECK (enabled in (0, 1)) ENABLE;
  ALTER TABLE "MEMBER" ADD CONSTRAINT "CK_MEMBER_REPORT_YN" CHECK (report_yn in ('Y', 'N')) ENABLE;
  ALTER TABLE "MEMBER" ADD CONSTRAINT "PK_MEMBER_ID" PRIMARY KEY ("ID")
  USING INDEX  ENABLE;
  ALTER TABLE "MEMBER" ADD CONSTRAINT "UQ_MEMBER_EMAIL" UNIQUE ("EMAIL")
  USING INDEX  ENABLE;
  ALTER TABLE "MEMBER" ADD CONSTRAINT "UQ_MEMBER_NICKNAME" UNIQUE ("NICKNAME")
  USING INDEX  ENABLE;
--------------------------------------------------------
--  Constraints for Table MENU
--------------------------------------------------------

  ALTER TABLE "MENU" MODIFY ("RESTAURANT" NOT NULL ENABLE);
  ALTER TABLE "MENU" MODIFY ("NAME" NOT NULL ENABLE);
  ALTER TABLE "MENU" MODIFY ("TYPE" NOT NULL ENABLE);
  ALTER TABLE "MENU" MODIFY ("TASTE" NOT NULL ENABLE);
  ALTER TABLE "MENU" ADD CONSTRAINT "PK_MENU_ID" PRIMARY KEY ("ID")
  USING INDEX  ENABLE;
  ALTER TABLE "MENU" ADD CONSTRAINT "UQ_MENU" UNIQUE ("RESTAURANT", "NAME", "TASTE")
  USING INDEX  ENABLE;
--------------------------------------------------------
--  Constraints for Table MY_TRADE_HISTORY
--------------------------------------------------------

  ALTER TABLE "MY_TRADE_HISTORY" MODIFY ("PRICE" NOT NULL ENABLE);
  ALTER TABLE "MY_TRADE_HISTORY" MODIFY ("BORROWER_CASH" NOT NULL ENABLE);
  ALTER TABLE "MY_TRADE_HISTORY" MODIFY ("DEPOSIT" NOT NULL ENABLE);
  ALTER TABLE "MY_TRADE_HISTORY" ADD CONSTRAINT "CK_MY_TRADE_HISTORY_REFUND_YN" CHECK (refund_yn IN ('Y', 'N')) ENABLE;
  ALTER TABLE "MY_TRADE_HISTORY" ADD CONSTRAINT "PK_MY_TRADE_HISTORY_RENT_NO" PRIMARY KEY ("RENT_NO")
  USING INDEX  ENABLE;
--------------------------------------------------------
--  Constraints for Table PERSISTENT_LOGIN
--------------------------------------------------------

  ALTER TABLE "PERSISTENT_LOGIN" MODIFY ("SERIES" NOT NULL ENABLE);
  ALTER TABLE "PERSISTENT_LOGIN" MODIFY ("LAST_USED" NOT NULL ENABLE);
  ALTER TABLE "PERSISTENT_LOGIN" MODIFY ("MEMBER_ID" NOT NULL ENABLE);
  ALTER TABLE "PERSISTENT_LOGIN" MODIFY ("TOKEN" NOT NULL ENABLE);
  ALTER TABLE "PERSISTENT_LOGIN" ADD CONSTRAINT "PK_PERSISTENT_LOGIN_SERIES" PRIMARY KEY ("SERIES")
  USING INDEX  ENABLE;
--------------------------------------------------------
--  Constraints for Table PROFILE_IMAGE
--------------------------------------------------------

  ALTER TABLE "PROFILE_IMAGE" MODIFY ("MEMBER_ID" NOT NULL ENABLE);
  ALTER TABLE "PROFILE_IMAGE" ADD CONSTRAINT "PK_PROFILE_IMAGE" PRIMARY KEY ("MEMBER_ID")
  USING INDEX  ENABLE;
--------------------------------------------------------
--  Constraints for Table RENT
--------------------------------------------------------

  ALTER TABLE "RENT" MODIFY ("RENT_NO" NOT NULL ENABLE);
  ALTER TABLE "RENT" MODIFY ("RENT_START_DATE" NOT NULL ENABLE);
  ALTER TABLE "RENT" MODIFY ("RENT_END_DATE" NOT NULL ENABLE);
  ALTER TABLE "RENT" MODIFY ("BORROWER_ID" NOT NULL ENABLE);
  ALTER TABLE "RENT" MODIFY ("BOARD_NO" NOT NULL ENABLE);
  ALTER TABLE "RENT" MODIFY ("ISBN13" NOT NULL ENABLE);
  ALTER TABLE "RENT" ADD CONSTRAINT "PK_RENT_RENT_NO" PRIMARY KEY ("RENT_NO")
  USING INDEX  ENABLE;
--------------------------------------------------------
--  Constraints for Table REPORT_BOARD
--------------------------------------------------------

  ALTER TABLE "REPORT_BOARD" MODIFY ("NO" NOT NULL ENABLE);
  ALTER TABLE "REPORT_BOARD" MODIFY ("REASON" NOT NULL ENABLE);
  ALTER TABLE "REPORT_BOARD" MODIFY ("REPORTER" NOT NULL ENABLE);
  ALTER TABLE "REPORT_BOARD" MODIFY ("REG_DATE" NOT NULL ENABLE);
  ALTER TABLE "REPORT_BOARD" MODIFY ("BOARD_ID" NOT NULL ENABLE);
  ALTER TABLE "REPORT_BOARD" ADD CONSTRAINT "CK_REPORT_BOARD_REASON" CHECK (reason IN ('욕설', '사기', '도배', '음란물', '광고')) ENABLE;
  ALTER TABLE "REPORT_BOARD" ADD CONSTRAINT "PK_REPORT_BOARD_NO" PRIMARY KEY ("NO")
  USING INDEX  ENABLE;
--------------------------------------------------------
--  Constraints for Table REPORT_USER
--------------------------------------------------------

  ALTER TABLE "REPORT_USER" MODIFY ("NO" NOT NULL ENABLE);
  ALTER TABLE "REPORT_USER" MODIFY ("REPORTER" NOT NULL ENABLE);
  ALTER TABLE "REPORT_USER" MODIFY ("REPORTEE" NOT NULL ENABLE);
  ALTER TABLE "REPORT_USER" MODIFY ("REG_DATE" NOT NULL ENABLE);
  ALTER TABLE "REPORT_USER" ADD CONSTRAINT "PK_REPORT_USER_NO" PRIMARY KEY ("NO")
  USING INDEX  ENABLE;
--------------------------------------------------------
--  Constraints for Table REQUEST_BOARD
--------------------------------------------------------

  ALTER TABLE "REQUEST_BOARD" ADD CONSTRAINT "CK_REQUEST_BOARD_DELETE_YN" CHECK (delete_yn IN ('Y', 'N')) ENABLE;
  ALTER TABLE "REQUEST_BOARD" MODIFY ("NO" NOT NULL ENABLE);
  ALTER TABLE "REQUEST_BOARD" MODIFY ("MEMBER_ID" NOT NULL ENABLE);
  ALTER TABLE "REQUEST_BOARD" MODIFY ("ISBN13" NOT NULL ENABLE);
  ALTER TABLE "REQUEST_BOARD" ADD CONSTRAINT "CK_BOOK_CONDITION" CHECK (book_condition IN ('최상', '상', '중', '하', '최하')) ENABLE;
  ALTER TABLE "REQUEST_BOARD" ADD CONSTRAINT "PK_REQUEST_BOARD_NO" PRIMARY KEY ("NO")
  USING INDEX  ENABLE;
--------------------------------------------------------
--  Constraints for Table REVIEW
--------------------------------------------------------

  ALTER TABLE "REVIEW" MODIFY ("NO" NOT NULL ENABLE);
  ALTER TABLE "REVIEW" MODIFY ("SENDER_ID" NOT NULL ENABLE);
  ALTER TABLE "REVIEW" MODIFY ("RECEIVER_ID" NOT NULL ENABLE);
  ALTER TABLE "REVIEW" ADD CONSTRAINT "PK_REVIEW_NO" PRIMARY KEY ("NO")
  USING INDEX  ENABLE;
--------------------------------------------------------
--  Constraints for Table USED_BOARD
--------------------------------------------------------

  ALTER TABLE "USED_BOARD" MODIFY ("REG_DATE" NOT NULL ENABLE);
  ALTER TABLE "USED_BOARD" MODIFY ("PRICE" NOT NULL ENABLE);
  ALTER TABLE "USED_BOARD" MODIFY ("USED_BOARD_NO" NOT NULL ENABLE);
  ALTER TABLE "USED_BOARD" MODIFY ("TITLE" NOT NULL ENABLE);
  ALTER TABLE "USED_BOARD" MODIFY ("BOOK_STATE" NOT NULL ENABLE);
  ALTER TABLE "USED_BOARD" MODIFY ("TRADE_METHOD" NOT NULL ENABLE);
  ALTER TABLE "USED_BOARD" MODIFY ("CONTENT" NOT NULL ENABLE);
  ALTER TABLE "USED_BOARD" MODIFY ("WRITER" NOT NULL ENABLE);
  ALTER TABLE "USED_BOARD" MODIFY ("READ_COUNT" NOT NULL ENABLE);
  ALTER TABLE "USED_BOARD" ADD CONSTRAINT "PK_USED_BOARD_USED_BOARD_NO" PRIMARY KEY ("USED_BOARD_NO")
  USING INDEX  ENABLE;
--------------------------------------------------------
--  Constraints for Table USED_BOARD_ATTACHMENT
--------------------------------------------------------

  ALTER TABLE "USED_BOARD_ATTACHMENT" MODIFY ("NO" NOT NULL ENABLE);
  ALTER TABLE "USED_BOARD_ATTACHMENT" MODIFY ("ORIGINAL_FILENAME" NOT NULL ENABLE);
  ALTER TABLE "USED_BOARD_ATTACHMENT" MODIFY ("RENAMED_FILENAME" NOT NULL ENABLE);
  ALTER TABLE "USED_BOARD_ATTACHMENT" MODIFY ("REG_DATE" NOT NULL ENABLE);
  ALTER TABLE "USED_BOARD_ATTACHMENT" MODIFY ("USED_BOARD_NO" NOT NULL ENABLE);
  ALTER TABLE "USED_BOARD_ATTACHMENT" ADD CONSTRAINT "PK_USERD_BOARD_ATTACHMENT" PRIMARY KEY ("NO")
  USING INDEX  ENABLE;
--------------------------------------------------------
--  Constraints for Table WISHLIST
--------------------------------------------------------

  ALTER TABLE "WISHLIST" MODIFY ("MEMBER_ID" NOT NULL ENABLE);
  ALTER TABLE "WISHLIST" MODIFY ("BOARD_NO" NOT NULL ENABLE);
  ALTER TABLE "WISHLIST" ADD CONSTRAINT "PK_WISHLIST_BOARD_NO_MEMBER_ID" PRIMARY KEY ("BOARD_NO", "MEMBER_ID")
  USING INDEX  ENABLE;
--------------------------------------------------------
--  Ref Constraints for Table ADDRESS
--------------------------------------------------------

  ALTER TABLE "ADDRESS" ADD CONSTRAINT "FK_ADDRESS_MEMBER_ID" FOREIGN KEY ("MEMBER_ID")
	  REFERENCES "MEMBER" ("ID") ON DELETE CASCADE ENABLE;
--------------------------------------------------------
--  Ref Constraints for Table ADMIN_INQUIRE
--------------------------------------------------------

  ALTER TABLE "ADMIN_INQUIRE" ADD CONSTRAINT "FK_ADMIN_INQUIRE_INQUIRE_NO" FOREIGN KEY ("INQUIRE_NO")
	  REFERENCES "INQUIRE" ("NO") ENABLE;
--------------------------------------------------------
--  Ref Constraints for Table AUTHORITY
--------------------------------------------------------

  ALTER TABLE "AUTHORITY" ADD CONSTRAINT "FK_AUTHORITY_MEMBER_ID" FOREIGN KEY ("MEMBER_ID")
	  REFERENCES "MEMBER" ("ID") ENABLE;
--------------------------------------------------------
--  Ref Constraints for Table BOOK_COLLECTION
--------------------------------------------------------

  ALTER TABLE "BOOK_COLLECTION" ADD CONSTRAINT "FK_BOOK_COLLECTION_MEMBER_ID" FOREIGN KEY ("MEMBER_ID")
	  REFERENCES "MEMBER" ("ID") ENABLE;
--------------------------------------------------------
--  Ref Constraints for Table BOOK_COLLECTION_LIST
--------------------------------------------------------

  ALTER TABLE "BOOK_COLLECTION_LIST" ADD CONSTRAINT "FK_BOOK_COLLECTION_LIST_BOOK_COLLECTION_NO" FOREIGN KEY ("BOOK_COLLECTION_NO")
	  REFERENCES "BOOK_COLLECTION" ("NO") ON DELETE CASCADE ENABLE;
  ALTER TABLE "BOOK_COLLECTION_LIST" ADD CONSTRAINT "FK_BOOK_COLLECTION_LIST_ISBN13" FOREIGN KEY ("ISBN13")
	  REFERENCES "BOOK_INFO" ("ISBN13") ENABLE;
--------------------------------------------------------
--  Ref Constraints for Table BOOK_REVIEW
--------------------------------------------------------

  ALTER TABLE "BOOK_REVIEW" ADD CONSTRAINT "FK_BOOK_REVIEW_ISBN13" FOREIGN KEY ("ISBN13")
	  REFERENCES "BOOK_INFO" ("ISBN13") ENABLE;
  ALTER TABLE "BOOK_REVIEW" ADD CONSTRAINT "FK_BOOK_REVIEW_WRITER" FOREIGN KEY ("WRITER")
	  REFERENCES "MEMBER" ("ID") ENABLE;
--------------------------------------------------------
--  Ref Constraints for Table BOOKING
--------------------------------------------------------

  ALTER TABLE "BOOKING" ADD CONSTRAINT "FK_BOOKING_WRITER" FOREIGN KEY ("WRITER")
	  REFERENCES "MEMBER" ("ID") ENABLE;
  ALTER TABLE "BOOKING" ADD CONSTRAINT "FK_BOOKING_ISBN13" FOREIGN KEY ("ISBN13")
	  REFERENCES "BOOK_INFO" ("ISBN13") ENABLE;
--------------------------------------------------------
--  Ref Constraints for Table BOOKING_RESERVATION
--------------------------------------------------------

  ALTER TABLE "BOOKING_RESERVATION" ADD CONSTRAINT "BOOKING_RESERVATION_FK_BORROWER_ID" FOREIGN KEY ("BORROWER_ID")
	  REFERENCES "MEMBER" ("ID") ENABLE;
  ALTER TABLE "BOOKING_RESERVATION" ADD CONSTRAINT "FK_BOOKING_RESERVATION_BOARD_NO" FOREIGN KEY ("BOARD_NO")
	  REFERENCES "BOOKING" ("BOARD_NO") ENABLE;
--------------------------------------------------------
--  Ref Constraints for Table CHARGE_HISTORY
--------------------------------------------------------

  ALTER TABLE "CHARGE_HISTORY" ADD CONSTRAINT "FK_CHARGE_HISTORY_MEMBER_ID" FOREIGN KEY ("MEMBER_ID")
	  REFERENCES "MEMBER" ("ID") ENABLE;
--------------------------------------------------------
--  Ref Constraints for Table CHAT_HISTORY
--------------------------------------------------------

  ALTER TABLE "CHAT_HISTORY" ADD CONSTRAINT "FK_CHAT_HISTORY_CHAT_ROOM_ID" FOREIGN KEY ("CHAT_ROOM_ID")
	  REFERENCES "CHAT_ROOM" ("CHAT_ROOM_ID") ENABLE;
--------------------------------------------------------
--  Ref Constraints for Table COMMUNITY
--------------------------------------------------------

  ALTER TABLE "COMMUNITY" ADD CONSTRAINT "FK_COMMUNITY_MEMBER_ID" FOREIGN KEY ("MEMBER_ID")
	  REFERENCES "MEMBER" ("ID") ENABLE;
--------------------------------------------------------
--  Ref Constraints for Table COMMUNITY_ATTACHMENT
--------------------------------------------------------

  ALTER TABLE "COMMUNITY_ATTACHMENT" ADD CONSTRAINT "FK_COMMUNITY_ATTACHMENT_COMMUNITY_NO" FOREIGN KEY ("COMMUNITY_NO")
	  REFERENCES "COMMUNITY" ("COMMUNITY_NO") ENABLE;
--------------------------------------------------------
--  Ref Constraints for Table COMMUNITY_COMMENT
--------------------------------------------------------

  ALTER TABLE "COMMUNITY_COMMENT" ADD CONSTRAINT "FK_COMMUNITY_COMMENT_WRITER" FOREIGN KEY ("WRITER")
	  REFERENCES "MEMBER" ("ID") ENABLE;
  ALTER TABLE "COMMUNITY_COMMENT" ADD CONSTRAINT "FK_COMMUNITY_COMMENT_COMMUNITY_NO" FOREIGN KEY ("COMMUNITY_NO")
	  REFERENCES "COMMUNITY" ("COMMUNITY_NO") ENABLE;
  ALTER TABLE "COMMUNITY_COMMENT" ADD CONSTRAINT "FK_COMMUNITY_COMMENT_COMMENT_REF" FOREIGN KEY ("COMMENT_REF")
	  REFERENCES "COMMUNITY_COMMENT" ("NO") ENABLE;
--------------------------------------------------------
--  Ref Constraints for Table COMMUNITY_LIKE
--------------------------------------------------------

  ALTER TABLE "COMMUNITY_LIKE" ADD CONSTRAINT "FK_MEMBER_ID" FOREIGN KEY ("MEMBER_ID")
	  REFERENCES "MEMBER" ("ID") ENABLE;
  ALTER TABLE "COMMUNITY_LIKE" ADD CONSTRAINT "FK_COMMUNITY_NO" FOREIGN KEY ("COMMUNITY_NO")
	  REFERENCES "COMMUNITY" ("COMMUNITY_NO") ENABLE;
--------------------------------------------------------
--  Ref Constraints for Table INQUIRE
--------------------------------------------------------

  ALTER TABLE "INQUIRE" ADD CONSTRAINT "FK_INQUIRE_MEMBER_ID" FOREIGN KEY ("MEMBER_ID")
	  REFERENCES "MEMBER" ("ID") ENABLE;
--------------------------------------------------------
--  Ref Constraints for Table MY_TRADE_HISTORY
--------------------------------------------------------

  ALTER TABLE "MY_TRADE_HISTORY" ADD CONSTRAINT "FK_MY_TRADE_HISTORY_RES_NO" FOREIGN KEY ("RES_NO")
	  REFERENCES "BOOKING_RESERVATION" ("RES_NO") ENABLE;
--------------------------------------------------------
--  Ref Constraints for Table PROFILE_IMAGE
--------------------------------------------------------

  ALTER TABLE "PROFILE_IMAGE" ADD CONSTRAINT "FK_PROFILE_IMAGE_MEMBER_ID" FOREIGN KEY ("MEMBER_ID")
	  REFERENCES "MEMBER" ("ID") ENABLE;
--------------------------------------------------------
--  Ref Constraints for Table RENT
--------------------------------------------------------

  ALTER TABLE "RENT" ADD CONSTRAINT "FK_RENT_BORROWER_ID" FOREIGN KEY ("BORROWER_ID")
	  REFERENCES "MEMBER" ("ID") ENABLE;
--------------------------------------------------------
--  Ref Constraints for Table REPORT_BOARD
--------------------------------------------------------

  ALTER TABLE "REPORT_BOARD" ADD CONSTRAINT "FK_REPORT_BOARD_REPORTER" FOREIGN KEY ("REPORTER")
	  REFERENCES "MEMBER" ("ID") ENABLE;
  ALTER TABLE "REPORT_BOARD" ADD CONSTRAINT "FK_REPORT_BOARD_BOARD_ID" FOREIGN KEY ("BOARD_ID")
	  REFERENCES "BOARD_ID" ("BOARD_ID") ENABLE;
--------------------------------------------------------
--  Ref Constraints for Table REPORT_USER
--------------------------------------------------------

  ALTER TABLE "REPORT_USER" ADD CONSTRAINT "FK_REPORT_USER_REPORTER" FOREIGN KEY ("REPORTER")
	  REFERENCES "MEMBER" ("ID") ENABLE;
  ALTER TABLE "REPORT_USER" ADD CONSTRAINT "FK_REPORT_USER_REPORTEE" FOREIGN KEY ("REPORTEE")
	  REFERENCES "MEMBER" ("ID") ENABLE;
--------------------------------------------------------
--  Ref Constraints for Table REQUEST_BOARD
--------------------------------------------------------

  ALTER TABLE "REQUEST_BOARD" ADD CONSTRAINT "FK_REQUEST_BOARD_ISBN13" FOREIGN KEY ("ISBN13")
	  REFERENCES "BOOK_INFO" ("ISBN13") ENABLE;
  ALTER TABLE "REQUEST_BOARD" ADD CONSTRAINT "FK_REQUEST_BOARD_MEMBER_ID" FOREIGN KEY ("MEMBER_ID")
	  REFERENCES "MEMBER" ("ID") ENABLE;
--------------------------------------------------------
--  Ref Constraints for Table REVIEW
--------------------------------------------------------

  ALTER TABLE "REVIEW" ADD CONSTRAINT "FK_REVIEW_SENDER_ID" FOREIGN KEY ("SENDER_ID")
	  REFERENCES "MEMBER" ("ID") ENABLE;
  ALTER TABLE "REVIEW" ADD CONSTRAINT "FK_REVIEW_RECEIVER_ID" FOREIGN KEY ("RECEIVER_ID")
	  REFERENCES "MEMBER" ("ID") ENABLE;
  ALTER TABLE "REVIEW" ADD CONSTRAINT "FK_REVIEW_RES_NO" FOREIGN KEY ("RES_NO")
	  REFERENCES "BOOKING_RESERVATION" ("RES_NO") ENABLE;
--------------------------------------------------------
--  Ref Constraints for Table USED_BOARD_ATTACHMENT
--------------------------------------------------------

  ALTER TABLE "USED_BOARD_ATTACHMENT" ADD CONSTRAINT "FK_USED_BOARD_ATTACHMENT_COMMUNITY_NO" FOREIGN KEY ("USED_BOARD_NO")
	  REFERENCES "USED_BOARD" ("USED_BOARD_NO") ENABLE;
--------------------------------------------------------
--  Ref Constraints for Table WISHLIST
--------------------------------------------------------

  ALTER TABLE "WISHLIST" ADD CONSTRAINT "FK_WISHLIST_MEMBER_ID" FOREIGN KEY ("MEMBER_ID")
	  REFERENCES "MEMBER" ("ID") ENABLE;
  ALTER TABLE "WISHLIST" ADD CONSTRAINT "FK_WISHLIST_BOARD_NO" FOREIGN KEY ("BOARD_NO")
	  REFERENCES "BOOKING" ("BOARD_NO") ENABLE;
